arena_archive,arena_map,emitter,x,z,arena_centre_x,arena_centre_z,arena_centre_basis,radius_m,bearing_deg,oclock,patrol_r_min,patrol_r_mean,patrol_r_max,n_patrol_points
sm1,survivalworld_a.map,p01_tier01,46.626,74.033,81.26,64.361,centroid of the PatrolPoint_Attack group,35.959,285.6,9.52,5.963,18.202,24.818,11
sm1,survivalworld_a.map,p01_tier02,46.608,74.122,81.26,64.361,centroid of the PatrolPoint_Attack group,36.0,285.73,9.52,5.963,18.202,24.818,11
sm1,survivalworld_a.map,p01_tier03,46.661,73.485,81.26,64.361,centroid of the PatrolPoint_Attack group,35.782,284.77,9.49,5.963,18.202,24.818,11
sm1,survivalworld_a.map,p01_tier04,46.674,74.103,81.26,64.361,centroid of the PatrolPoint_Attack group,35.932,285.73,9.52,5.963,18.202,24.818,11
sm1,survivalworld_a.map,p01_tier05,46.875,74.92,81.26,64.361,centroid of the PatrolPoint_Attack group,35.97,287.07,9.57,5.963,18.202,24.818,11
sm1,survivalworld_a.map,p01_tier06,46.286,74.628,81.26,64.361,centroid of the PatrolPoint_Attack group,36.45,286.36,9.55,5.963,18.202,24.818,11
sm1,survivalworld_a.map,p01_tier07,47.184,73.464,81.26,64.361,centroid of the PatrolPoint_Attack group,35.272,284.96,9.5,5.963,18.202,24.818,11
sm1,survivalworld_a.map,p01_tier08,41.639,83.704,81.26,64.361,centroid of the PatrolPoint_Attack group,44.09,296.02,9.87,5.963,18.202,24.818,11
sm1,survivalworld_a.map,p01_tier09,46.708,74.147,81.26,64.361,centroid of the PatrolPoint_Attack group,35.911,285.81,9.53,5.963,18.202,24.818,11
sm1,survivalworld_a.map,p01_tier10,47.194,73.976,81.26,64.361,centroid of the PatrolPoint_Attack group,35.397,285.76,9.53,5.963,18.202,24.818,11
sm1,survivalworld_a.map,p01_tier11,53.125,83.853,81.26,64.361,centroid of the PatrolPoint_Attack group,34.228,304.71,10.16,5.963,18.202,24.818,11
sm1,survivalworld_a.map,p01_tier12,46.463,73.833,81.26,64.361,centroid of the PatrolPoint_Attack group,36.063,285.23,9.51,5.963,18.202,24.818,11
sm1,survivalworld_a.map,p01_tier13,46.768,73.871,81.26,64.361,centroid of the PatrolPoint_Attack group,35.779,285.42,9.51,5.963,18.202,24.818,11
sm1,survivalworld_a.map,p01_tier14,46.425,73.745,81.26,64.361,centroid of the PatrolPoint_Attack group,36.077,285.08,9.5,5.963,18.202,24.818,11
sm1,survivalworld_a.map,p01_tier15,41.882,90.366,81.26,64.361,centroid of the PatrolPoint_Attack group,47.19,303.44,10.11,5.963,18.202,24.818,11
sm1,survivalworld_a.map,p01_tier16,46.813,73.955,81.26,64.361,centroid of the PatrolPoint_Attack group,35.758,285.56,9.52,5.963,18.202,24.818,11
sm1,survivalworld_a.map,p01_tier17,46.882,74.669,81.26,64.361,centroid of the PatrolPoint_Attack group,35.891,286.69,9.56,5.963,18.202,24.818,11
sm1,survivalworld_a.map,p02,90.603,32.898,81.26,64.361,centroid of the PatrolPoint_Attack group,32.82,163.46,5.45,5.963,18.202,24.818,11
sm1,survivalworld_a.map,p03,89.385,96.729,81.26,64.361,centroid of the PatrolPoint_Attack group,33.372,14.09,0.47,5.963,18.202,24.818,11
sm1,survivalworld_a.map,p04,112.165,71.508,81.26,64.361,centroid of the PatrolPoint_Attack group,31.72,76.98,2.57,5.963,18.202,24.818,11
sm1,survivalworld_a.map,p05,74.439,66.536,81.26,64.361,centroid of the PatrolPoint_Attack group,7.16,287.69,9.59,5.963,18.202,24.818,11
sm1,survivalworld_a.map,p06,112.475,71.166,81.26,64.361,centroid of the PatrolPoint_Attack group,31.948,77.7,2.59,5.963,18.202,24.818,11
sm1,survivalworld_b.map,p01_tier01,44.104,72.899,71.086,64.705,centroid of the PatrolPoint_Attack group,28.199,286.89,9.56,2.801,12.832,18.206,11
sm1,survivalworld_b.map,p01_tier02,36.845,63.884,71.086,64.705,centroid of the PatrolPoint_Attack group,34.25,268.63,8.95,2.801,12.832,18.206,11
sm1,survivalworld_b.map,p01_tier03,43.4,57.562,71.086,64.705,centroid of the PatrolPoint_Attack group,28.592,255.53,8.52,2.801,12.832,18.206,11
sm1,survivalworld_b.map,p01_tier04,35.3,64.65,71.086,64.705,centroid of the PatrolPoint_Attack group,35.786,269.91,9.0,2.801,12.832,18.206,11
sm1,survivalworld_b.map,p01_tier05,36.065,64.487,71.086,64.705,centroid of the PatrolPoint_Attack group,35.021,269.64,8.99,2.801,12.832,18.206,11
sm1,survivalworld_b.map,p01_tier06,47.102,49.742,71.086,64.705,centroid of the PatrolPoint_Attack group,28.268,238.04,7.93,2.801,12.832,18.206,11
sm1,survivalworld_b.map,p01_tier07,35.978,64.614,71.086,64.705,centroid of the PatrolPoint_Attack group,35.108,269.85,9.0,2.801,12.832,18.206,11
sm1,survivalworld_b.map,p01_tier08,35.588,64.716,71.086,64.705,centroid of the PatrolPoint_Attack group,35.498,270.02,9.0,2.801,12.832,18.206,11
sm1,survivalworld_b.map,p01_tier09,35.835,64.363,71.086,64.705,centroid of the PatrolPoint_Attack group,35.252,269.44,8.98,2.801,12.832,18.206,11
sm1,survivalworld_b.map,p01_tier10,45.283,76.016,71.086,64.705,centroid of the PatrolPoint_Attack group,28.173,293.67,9.79,2.801,12.832,18.206,11
sm1,survivalworld_b.map,p01_tier11,35.98,65.224,71.086,64.705,centroid of the PatrolPoint_Attack group,35.11,270.85,9.03,2.801,12.832,18.206,11
sm1,survivalworld_b.map,p01_tier12,35.747,64.491,71.086,64.705,centroid of the PatrolPoint_Attack group,35.339,269.65,8.99,2.801,12.832,18.206,11
sm1,survivalworld_b.map,p01_tier13,34.749,64.516,71.086,64.705,centroid of the PatrolPoint_Attack group,36.337,269.7,8.99,2.801,12.832,18.206,11
sm1,survivalworld_b.map,p01_tier14,35.872,64.408,71.086,64.705,centroid of the PatrolPoint_Attack group,35.215,269.52,8.98,2.801,12.832,18.206,11
sm1,survivalworld_b.map,p01_tier15,35.854,64.696,71.086,64.705,centroid of the PatrolPoint_Attack group,35.232,269.99,9.0,2.801,12.832,18.206,11
sm1,survivalworld_b.map,p01_tier16,36.172,64.948,71.086,64.705,centroid of the PatrolPoint_Attack group,34.915,270.4,9.01,2.801,12.832,18.206,11
sm1,survivalworld_b.map,p01_tier17,34.978,65.073,71.086,64.705,centroid of the PatrolPoint_Attack group,36.11,270.58,9.02,2.801,12.832,18.206,11
sm1,survivalworld_b.map,p02,66.787,22.276,71.086,64.705,centroid of the PatrolPoint_Attack group,42.647,185.79,6.19,2.801,12.832,18.206,11
sm1,survivalworld_b.map,p03,70.749,99.418,71.086,64.705,centroid of the PatrolPoint_Attack group,34.715,359.44,11.98,2.801,12.832,18.206,11
sm1,survivalworld_b.map,p04,98.591,56.132,71.086,64.705,centroid of the PatrolPoint_Attack group,28.81,107.31,3.58,2.801,12.832,18.206,11
sm1,survivalworld_b.map,p05,69.93,73.607,71.086,64.705,centroid of the PatrolPoint_Attack group,8.977,352.6,11.75,2.801,12.832,18.206,11
sm1,survivalworld_b.map,p06,110.369,72.941,71.086,64.705,centroid of the PatrolPoint_Attack group,40.138,78.16,2.61,2.801,12.832,18.206,11
sm1,survivalworld_c.map,p01_tier01,35.642,64.942,67.809,59.559,centroid of the PatrolPoint_Attack group,32.614,279.5,9.32,2.23,18.697,29.825,11
sm1,survivalworld_c.map,p01_tier02,35.641,64.999,67.809,59.559,centroid of the PatrolPoint_Attack group,32.624,279.6,9.32,2.23,18.697,29.825,11
sm1,survivalworld_c.map,p01_tier03,35.647,64.751,67.809,59.559,centroid of the PatrolPoint_Attack group,32.578,279.17,9.31,2.23,18.697,29.825,11
sm1,survivalworld_c.map,p01_tier04,35.789,64.418,67.809,59.559,centroid of the PatrolPoint_Attack group,32.386,278.63,9.29,2.23,18.697,29.825,11
sm1,survivalworld_c.map,p01_tier05,35.512,64.759,67.809,59.559,centroid of the PatrolPoint_Attack group,32.713,279.15,9.3,2.23,18.697,29.825,11
sm1,survivalworld_c.map,p01_tier06,35.748,65.18,67.809,59.559,centroid of the PatrolPoint_Attack group,32.549,279.94,9.33,2.23,18.697,29.825,11
sm1,survivalworld_c.map,p01_tier07,35.612,65.233,67.809,59.559,centroid of the PatrolPoint_Attack group,32.693,279.99,9.33,2.23,18.697,29.825,11
sm1,survivalworld_c.map,p01_tier08,35.935,64.905,67.809,59.559,centroid of the PatrolPoint_Attack group,32.319,279.52,9.32,2.23,18.697,29.825,11
sm1,survivalworld_c.map,p01_tier09,35.657,64.763,67.809,59.559,centroid of the PatrolPoint_Attack group,32.57,279.19,9.31,2.23,18.697,29.825,11
sm1,survivalworld_c.map,p01_tier10,35.818,65.07,67.809,59.559,centroid of the PatrolPoint_Attack group,32.461,279.77,9.33,2.23,18.697,29.825,11
sm1,survivalworld_c.map,p01_tier11,35.66,64.639,67.809,59.559,centroid of the PatrolPoint_Attack group,32.547,278.98,9.3,2.23,18.697,29.825,11
sm1,survivalworld_c.map,p01_tier12,35.605,64.604,67.809,59.559,centroid of the PatrolPoint_Attack group,32.596,278.9,9.3,2.23,18.697,29.825,11
sm1,survivalworld_c.map,p01_tier13,35.983,64.749,67.809,59.559,centroid of the PatrolPoint_Attack group,32.246,279.26,9.31,2.23,18.697,29.825,11
sm1,survivalworld_c.map,p01_tier14,35.59,65.198,67.809,59.559,centroid of the PatrolPoint_Attack group,32.708,279.93,9.33,2.23,18.697,29.825,11
sm1,survivalworld_c.map,p01_tier15,36.17,65.174,67.809,59.559,centroid of the PatrolPoint_Attack group,32.133,280.06,9.34,2.23,18.697,29.825,11
sm1,survivalworld_c.map,p01_tier16,36.168,65.547,67.809,59.559,centroid of the PatrolPoint_Attack group,32.202,280.72,9.36,2.23,18.697,29.825,11
sm1,survivalworld_c.map,p01_tier17,54.069,66.768,67.809,59.559,centroid of the PatrolPoint_Attack group,15.516,297.69,9.92,2.23,18.697,29.825,11
sm1,survivalworld_c.map,p02,53.448,95.951,67.809,59.559,centroid of the PatrolPoint_Attack group,39.123,338.47,11.28,2.23,18.697,29.825,11
sm1,survivalworld_c.map,p03,99.566,91.521,67.809,59.559,centroid of the PatrolPoint_Attack group,45.056,44.82,1.49,2.23,18.697,29.825,11
sm1,survivalworld_c.map,p04,94.251,31.053,67.809,59.559,centroid of the PatrolPoint_Attack group,38.882,137.15,4.57,2.23,18.697,29.825,11
sm1,survivalworld_c.map,p06,97.121,40.8,67.809,59.559,centroid of the PatrolPoint_Attack group,34.801,122.62,4.09,2.23,18.697,29.825,11
sm1,survivalworld_d.map,p01_tier01,36.672,43.282,33.545,84.391,centroid of the PatrolPoint_Attack group,41.228,175.65,5.86,1.414,18.52,26.64,11
sm1,survivalworld_d.map,p01_tier02,36.669,43.293,33.545,84.391,centroid of the PatrolPoint_Attack group,41.216,175.65,5.86,1.414,18.52,26.64,11
sm1,survivalworld_d.map,p01_tier03,36.558,43.307,33.545,84.391,centroid of the PatrolPoint_Attack group,41.194,175.81,5.86,1.414,18.52,26.64,11
sm1,survivalworld_d.map,p01_tier04,36.689,43.169,33.545,84.391,centroid of the PatrolPoint_Attack group,41.342,175.64,5.85,1.414,18.52,26.64,11
sm1,survivalworld_d.map,p01_tier05,36.849,43.277,33.545,84.391,centroid of the PatrolPoint_Attack group,41.247,175.41,5.85,1.414,18.52,26.64,11
sm1,survivalworld_d.map,p01_tier06,36.35,43.525,33.545,84.391,centroid of the PatrolPoint_Attack group,40.962,176.07,5.87,1.414,18.52,26.64,11
sm1,survivalworld_d.map,p01_tier07,36.288,43.211,33.545,84.391,centroid of the PatrolPoint_Attack group,41.271,176.19,5.87,1.414,18.52,26.64,11
sm1,survivalworld_d.map,p01_tier08,36.644,43.792,33.545,84.391,centroid of the PatrolPoint_Attack group,40.717,175.63,5.85,1.414,18.52,26.64,11
sm1,survivalworld_d.map,p01_tier09,36.624,43.381,33.545,84.391,centroid of the PatrolPoint_Attack group,41.126,175.71,5.86,1.414,18.52,26.64,11
sm1,survivalworld_d.map,p01_tier10,37.03,36.628,33.545,84.391,centroid of the PatrolPoint_Attack group,47.89,175.83,5.86,1.414,18.52,26.64,11
sm1,survivalworld_d.map,p01_tier11,36.697,43.648,33.545,84.391,centroid of the PatrolPoint_Attack group,40.865,175.58,5.85,1.414,18.52,26.64,11
sm1,survivalworld_d.map,p01_tier12,35.084,52.98,33.545,84.391,centroid of the PatrolPoint_Attack group,31.448,177.2,5.91,1.414,18.52,26.64,11
sm1,survivalworld_d.map,p01_tier13,36.419,43.672,33.545,84.391,centroid of the PatrolPoint_Attack group,40.82,175.96,5.87,1.414,18.52,26.64,11
sm1,survivalworld_d.map,p01_tier14,36.519,43.681,33.545,84.391,centroid of the PatrolPoint_Attack group,40.819,175.82,5.86,1.414,18.52,26.64,11
sm1,survivalworld_d.map,p01_tier15,36.62,43.003,33.545,84.391,centroid of the PatrolPoint_Attack group,41.503,175.75,5.86,1.414,18.52,26.64,11
sm1,survivalworld_d.map,p01_tier16,36.92,44.254,33.545,84.391,centroid of the PatrolPoint_Attack group,40.279,175.19,5.84,1.414,18.52,26.64,11
sm1,survivalworld_d.map,p01_tier17,35.983,43.636,33.545,84.391,centroid of the PatrolPoint_Attack group,40.828,176.58,5.89,1.414,18.52,26.64,11
sm1,survivalworld_d.map,p03,65.271,64.94,33.545,84.391,centroid of the PatrolPoint_Attack group,37.214,121.51,4.05,1.414,18.52,26.64,11
sm1,survivalworld_d.map,p04,46.87,113.331,33.545,84.391,centroid of the PatrolPoint_Attack group,31.86,24.72,0.82,1.414,18.52,26.64,11
sm1,survivalworld_d.map,p06,73.491,88.091,33.545,84.391,centroid of the PatrolPoint_Attack group,40.116,84.71,2.82,1.414,18.52,26.64,11
sm1,survivalworld_e.map,p01_tier01,34.426,77.955,70.462,62.855,centroid of the PatrolPoint_Attack group,39.071,292.74,9.76,2.181,15.481,20.81,11
sm1,survivalworld_e.map,p01_tier02,34.556,77.392,70.462,62.855,centroid of the PatrolPoint_Attack group,38.737,292.04,9.73,2.181,15.481,20.81,11
sm1,survivalworld_e.map,p01_tier03,34.604,77.835,70.462,62.855,centroid of the PatrolPoint_Attack group,38.861,292.67,9.76,2.181,15.481,20.81,11
sm1,survivalworld_e.map,p01_tier04,34.25,77.354,70.462,62.855,centroid of the PatrolPoint_Attack group,39.006,291.82,9.73,2.181,15.481,20.81,11
sm1,survivalworld_e.map,p01_tier05,34.073,78.149,70.462,62.855,centroid of the PatrolPoint_Attack group,39.472,292.8,9.76,2.181,15.481,20.81,11
sm1,survivalworld_e.map,p01_tier06,34.448,77.006,70.462,62.855,centroid of the PatrolPoint_Attack group,38.694,291.45,9.72,2.181,15.481,20.81,11
sm1,survivalworld_e.map,p01_tier07,34.396,77.643,70.462,62.855,centroid of the PatrolPoint_Attack group,38.98,292.29,9.74,2.181,15.481,20.81,11
sm1,survivalworld_e.map,p01_tier08,33.695,78.085,70.462,62.855,centroid of the PatrolPoint_Attack group,39.797,292.5,9.75,2.181,15.481,20.81,11
sm1,survivalworld_e.map,p01_tier09,42.927,71.536,70.462,62.855,centroid of the PatrolPoint_Attack group,28.871,287.5,9.58,2.181,15.481,20.81,11
sm1,survivalworld_e.map,p01_tier10,34.669,78.19,70.462,62.855,centroid of the PatrolPoint_Attack group,38.94,293.19,9.77,2.181,15.481,20.81,11
sm1,survivalworld_e.map,p01_tier11,34.663,78.441,70.462,62.855,centroid of the PatrolPoint_Attack group,39.045,293.53,9.78,2.181,15.481,20.81,11
sm1,survivalworld_e.map,p01_tier12,34.413,77.555,70.462,62.855,centroid of the PatrolPoint_Attack group,38.93,292.18,9.74,2.181,15.481,20.81,11
sm1,survivalworld_e.map,p01_tier13,34.495,77.668,70.462,62.855,centroid of the PatrolPoint_Attack group,38.897,292.38,9.75,2.181,15.481,20.81,11
sm1,survivalworld_e.map,p01_tier14,34.981,77.497,70.462,62.855,centroid of the PatrolPoint_Attack group,38.383,292.42,9.75,2.181,15.481,20.81,11
sm1,survivalworld_e.map,p01_tier15,34.461,77.625,70.462,62.855,centroid of the PatrolPoint_Attack group,38.913,292.31,9.74,2.181,15.481,20.81,11
sm1,survivalworld_e.map,p01_tier16,34.971,76.985,70.462,62.855,centroid of the PatrolPoint_Attack group,38.2,291.71,9.72,2.181,15.481,20.81,11
sm1,survivalworld_e.map,p01_tier17,34.547,77.469,70.462,62.855,centroid of the PatrolPoint_Attack group,38.774,292.14,9.74,2.181,15.481,20.81,11
sm1,survivalworld_e.map,p02,82.4,28.946,70.462,62.855,centroid of the PatrolPoint_Attack group,35.949,160.61,5.35,2.181,15.481,20.81,11
sm1,survivalworld_e.map,p03,71.368,100.191,70.462,62.855,centroid of the PatrolPoint_Attack group,37.347,1.39,0.05,2.181,15.481,20.81,11
sm1,survivalworld_e.map,p04,110.099,45.927,70.462,62.855,centroid of the PatrolPoint_Attack group,43.101,113.13,3.77,2.181,15.481,20.81,11
sm1,survivalworld_e.map,p06,82.086,88.572,70.462,62.855,centroid of the PatrolPoint_Attack group,28.221,24.32,0.81,2.181,15.481,20.81,11
sm1,survivalworld_f.map,p01_tier01,19.813,69.951,62.695,61.05,centroid of the PatrolPoint_Attack group,43.796,281.73,9.39,5.511,20.885,30.072,12
sm1,survivalworld_f.map,p01_tier02,19.802,70.019,62.695,61.05,centroid of the PatrolPoint_Attack group,43.821,281.81,9.39,5.511,20.885,30.072,12
sm1,survivalworld_f.map,p01_tier03,19.891,69.919,62.695,61.05,centroid of the PatrolPoint_Attack group,43.713,281.71,9.39,5.511,20.885,30.072,12
sm1,survivalworld_f.map,p01_tier04,19.78,69.948,62.695,61.05,centroid of the PatrolPoint_Attack group,43.828,281.71,9.39,5.511,20.885,30.072,12
sm1,survivalworld_f.map,p01_tier05,19.667,69.884,62.695,61.05,centroid of the PatrolPoint_Attack group,43.925,281.6,9.39,5.511,20.885,30.072,12
sm1,survivalworld_f.map,p01_tier06,19.404,69.948,62.695,61.05,centroid of the PatrolPoint_Attack group,44.196,281.61,9.39,5.511,20.885,30.072,12
sm1,survivalworld_f.map,p01_tier07,19.883,69.76,62.695,61.05,centroid of the PatrolPoint_Attack group,43.689,281.5,9.38,5.511,20.885,30.072,12
sm1,survivalworld_f.map,p01_tier08,19.748,70.114,62.695,61.05,centroid of the PatrolPoint_Attack group,43.893,281.92,9.4,5.511,20.885,30.072,12
sm1,survivalworld_f.map,p01_tier09,19.929,69.919,62.695,61.05,centroid of the PatrolPoint_Attack group,43.676,281.72,9.39,5.511,20.885,30.072,12
sm1,survivalworld_f.map,p01_tier10,22.887,68.315,62.695,61.05,centroid of the PatrolPoint_Attack group,40.466,280.34,9.34,5.511,20.885,30.072,12
sm1,survivalworld_f.map,p01_tier11,19.798,69.945,62.695,61.05,centroid of the PatrolPoint_Attack group,43.81,281.71,9.39,5.511,20.885,30.072,12
sm1,survivalworld_f.map,p01_tier12,19.73,70.116,62.695,61.05,centroid of the PatrolPoint_Attack group,43.911,281.92,9.4,5.511,20.885,30.072,12
sm1,survivalworld_f.map,p01_tier13,19.814,69.862,62.695,61.05,centroid of the PatrolPoint_Attack group,43.778,281.61,9.39,5.511,20.885,30.072,12
sm1,survivalworld_f.map,p01_tier14,19.572,70.087,62.695,61.05,centroid of the PatrolPoint_Attack group,44.06,281.84,9.39,5.511,20.885,30.072,12
sm1,survivalworld_f.map,p01_tier15,19.912,69.846,62.695,61.05,centroid of the PatrolPoint_Attack group,43.678,281.62,9.39,5.511,20.885,30.072,12
sm1,survivalworld_f.map,p01_tier16,19.078,70.54,62.695,61.05,centroid of the PatrolPoint_Attack group,44.637,282.27,9.41,5.511,20.885,30.072,12
sm1,survivalworld_f.map,p01_tier17,19.511,69.834,62.695,61.05,centroid of the PatrolPoint_Attack group,44.068,281.5,9.38,5.511,20.885,30.072,12
sm1,survivalworld_f.map,p02,72.648,24.05,62.695,61.05,centroid of the PatrolPoint_Attack group,38.316,164.94,5.5,5.511,20.885,30.072,12
sm1,survivalworld_f.map,p03,47.331,99.746,62.695,61.05,centroid of the PatrolPoint_Attack group,41.635,338.34,11.28,5.511,20.885,30.072,12
sm1,survivalworld_f.map,p04,90.38,49.976,62.695,61.05,centroid of the PatrolPoint_Attack group,29.818,111.8,3.73,5.511,20.885,30.072,12
sm1,survivalworld_f.map,p05,49.776,56.144,62.695,61.05,centroid of the PatrolPoint_Attack group,13.819,249.21,8.31,5.511,20.885,30.072,12
sm1,survivalworld_f.map,p06,87.401,77.594,62.695,61.05,centroid of the PatrolPoint_Attack group,29.733,56.19,1.87,5.511,20.885,30.072,12
sm1,survivalworld_g.map,p01_tier01,40.077,95.662,62.966,63.884,centroid of the PatrolPoint_Attack group,39.163,324.23,10.81,2.49,14.309,20.168,10
sm1,survivalworld_g.map,p01_tier02,39.77,95.351,62.966,63.884,centroid of the PatrolPoint_Attack group,39.093,323.6,10.79,2.49,14.309,20.168,10
sm1,survivalworld_g.map,p01_tier03,40.193,95.496,62.966,63.884,centroid of the PatrolPoint_Attack group,38.962,324.23,10.81,2.49,14.309,20.168,10
sm1,survivalworld_g.map,p01_tier04,40.323,95.197,62.966,63.884,centroid of the PatrolPoint_Attack group,38.642,324.13,10.8,2.49,14.309,20.168,10
sm1,survivalworld_g.map,p01_tier05,40.241,95.341,62.966,63.884,centroid of the PatrolPoint_Attack group,38.807,324.16,10.81,2.49,14.309,20.168,10
sm1,survivalworld_g.map,p01_tier06,39.848,95.79,62.966,63.884,centroid of the PatrolPoint_Attack group,39.401,324.07,10.8,2.49,14.309,20.168,10
sm1,survivalworld_g.map,p01_tier07,39.899,95.59,62.966,63.884,centroid of the PatrolPoint_Attack group,39.21,323.96,10.8,2.49,14.309,20.168,10
sm1,survivalworld_g.map,p01_tier08,39.87,95.825,62.966,63.884,centroid of the PatrolPoint_Attack group,39.417,324.13,10.8,2.49,14.309,20.168,10
sm1,survivalworld_g.map,p01_tier09,39.905,95.343,62.966,63.884,centroid of the PatrolPoint_Attack group,39.007,323.76,10.79,2.49,14.309,20.168,10
sm1,survivalworld_g.map,p01_tier10,41.69,87.446,62.966,63.884,centroid of the PatrolPoint_Attack group,31.747,317.92,10.6,2.49,14.309,20.168,10
sm1,survivalworld_g.map,p01_tier11,39.9,95.534,62.966,63.884,centroid of the PatrolPoint_Attack group,39.164,323.92,10.8,2.49,14.309,20.168,10
sm1,survivalworld_g.map,p01_tier12,39.863,95.196,62.966,63.884,centroid of the PatrolPoint_Attack group,38.913,323.58,10.79,2.49,14.309,20.168,10
sm1,survivalworld_g.map,p01_tier13,39.919,95.231,62.966,63.884,centroid of the PatrolPoint_Attack group,38.909,323.68,10.79,2.49,14.309,20.168,10
sm1,survivalworld_g.map,p01_tier14,39.916,95.355,62.966,63.884,centroid of the PatrolPoint_Attack group,39.01,323.78,10.79,2.49,14.309,20.168,10
sm1,survivalworld_g.map,p01_tier15,49.088,101.525,62.966,63.884,centroid of the PatrolPoint_Attack group,40.118,339.76,11.33,2.49,14.309,20.168,10
sm1,survivalworld_g.map,p01_tier16,40.047,95.01,62.966,63.884,centroid of the PatrolPoint_Attack group,38.654,323.63,10.79,2.49,14.309,20.168,10
sm1,survivalworld_g.map,p01_tier17,44.563,102.748,62.966,63.884,centroid of the PatrolPoint_Attack group,43.002,334.66,11.16,2.49,14.309,20.168,10
sm1,survivalworld_g.map,p02,91.491,88.548,62.966,63.884,centroid of the PatrolPoint_Attack group,37.709,49.15,1.64,2.49,14.309,20.168,10
sm1,survivalworld_g.map,p03,103.042,64.912,62.966,63.884,centroid of the PatrolPoint_Attack group,40.089,88.53,2.95,2.49,14.309,20.168,10
sm1,survivalworld_g.map,p04,64.803,24.967,62.966,63.884,centroid of the PatrolPoint_Attack group,38.96,177.3,5.91,2.49,14.309,20.168,10
sm1,survivalworld_g.map,p05,65.293,64.957,62.966,63.884,centroid of the PatrolPoint_Attack group,2.563,65.24,2.17,2.49,14.309,20.168,10
sm1,survivalworld_g.map,p06,66.563,95.933,62.966,63.884,centroid of the PatrolPoint_Attack group,32.25,6.4,0.21,2.49,14.309,20.168,10
sm1,survivalworld_j.map,p01_tier01,42.78,103.874,64.344,66.916,centroid of the PatrolPoint_Attack group,42.789,329.74,10.99,3.468,20.325,29.589,10
sm1,survivalworld_j.map,p01_tier02,42.809,103.64,64.344,66.916,centroid of the PatrolPoint_Attack group,42.572,329.61,10.99,3.468,20.325,29.589,10
sm1,survivalworld_j.map,p01_tier03,43.103,103.546,64.344,66.916,centroid of the PatrolPoint_Attack group,42.343,329.89,11.0,3.468,20.325,29.589,10
sm1,survivalworld_j.map,p01_tier04,43.234,103.246,64.344,66.916,centroid of the PatrolPoint_Attack group,42.018,329.84,10.99,3.468,20.325,29.589,10
sm1,survivalworld_j.map,p01_tier05,43.152,103.39,64.344,66.916,centroid of the PatrolPoint_Attack group,42.184,329.84,10.99,3.468,20.325,29.589,10
sm1,survivalworld_j.map,p01_tier06,42.987,103.711,64.344,66.916,centroid of the PatrolPoint_Attack group,42.544,329.87,11.0,3.468,20.325,29.589,10
sm1,survivalworld_j.map,p01_tier07,42.759,103.84,64.344,66.916,centroid of the PatrolPoint_Attack group,42.77,329.69,10.99,3.468,20.325,29.589,10
sm1,survivalworld_j.map,p01_tier08,42.917,103.821,64.344,66.916,centroid of the PatrolPoint_Attack group,42.675,329.86,11.0,3.468,20.325,29.589,10
sm1,survivalworld_j.map,p01_tier09,42.811,103.584,64.344,66.916,centroid of the PatrolPoint_Attack group,42.523,329.58,10.99,3.468,20.325,29.589,10
sm1,survivalworld_j.map,p01_tier10,42.826,103.404,64.344,66.916,centroid of the PatrolPoint_Attack group,42.361,329.47,10.98,3.468,20.325,29.589,10
sm1,survivalworld_j.map,p01_tier11,42.815,103.393,64.344,66.916,centroid of the PatrolPoint_Attack group,42.356,329.45,10.98,3.468,20.325,29.589,10
sm1,survivalworld_j.map,p01_tier13,42.829,103.281,64.344,66.916,centroid of the PatrolPoint_Attack group,42.253,329.39,10.98,3.468,20.325,29.589,10
sm1,survivalworld_j.map,p01_tier14,42.773,103.246,64.344,66.916,centroid of the PatrolPoint_Attack group,42.251,329.3,10.98,3.468,20.325,29.589,10
sm1,survivalworld_j.map,p01_tier15,42.957,103.059,64.344,66.916,centroid of the PatrolPoint_Attack group,41.997,329.39,10.98,3.468,20.325,29.589,10
sm1,survivalworld_j.map,p01_tier16,43.336,104.188,64.344,66.916,centroid of the PatrolPoint_Attack group,42.785,330.59,11.02,3.468,20.325,29.589,10
sm1,survivalworld_j.map,p01_tier17,43.798,102.668,64.344,66.916,centroid of the PatrolPoint_Attack group,41.235,330.12,11.0,3.468,20.325,29.589,10
sm1,survivalworld_j.map,p02,68.668,106.162,64.344,66.916,centroid of the PatrolPoint_Attack group,39.483,6.29,0.21,3.468,20.325,29.589,10
sm1,survivalworld_j.map,p03,109.592,56.934,64.344,66.916,centroid of the PatrolPoint_Attack group,46.336,102.44,3.41,3.468,20.325,29.589,10
sm1,survivalworld_j.map,p04,91.029,33.923,64.344,66.916,centroid of the PatrolPoint_Attack group,42.434,141.03,4.7,3.468,20.325,29.589,10
sm1,survivalworld_j.map,p05,77.499,67.107,64.344,66.916,centroid of the PatrolPoint_Attack group,13.157,89.17,2.97,3.468,20.325,29.589,10
sm1,survivalworld_j.map,p06,106.147,88.322,64.344,66.916,centroid of the PatrolPoint_Attack group,46.966,62.88,2.1,3.468,20.325,29.589,10
sm2,survivalworld_h.map,p01_tier01,71.029,91.414,68.217,61.203,centroid of the PatrolPoint_Attack group,30.342,5.32,0.18,1.934,16.568,23.956,9
sm2,survivalworld_h.map,p01_tier02,71.059,91.18,68.217,61.203,centroid of the PatrolPoint_Attack group,30.111,5.41,0.18,1.934,16.568,23.956,9
sm2,survivalworld_h.map,p01_tier03,71.064,90.933,68.217,61.203,centroid of the PatrolPoint_Attack group,29.866,5.47,0.18,1.934,16.568,23.956,9
sm2,survivalworld_h.map,p01_tier04,71.075,90.945,68.217,61.203,centroid of the PatrolPoint_Attack group,29.878,5.49,0.18,1.934,16.568,23.956,9
sm2,survivalworld_h.map,p01_tier05,71.06,91.124,68.217,61.203,centroid of the PatrolPoint_Attack group,30.055,5.43,0.18,1.934,16.568,23.956,9
sm2,survivalworld_h.map,p01_tier06,70.929,90.941,68.217,61.203,centroid of the PatrolPoint_Attack group,29.861,5.21,0.17,1.934,16.568,23.956,9
sm2,survivalworld_h.map,p01_tier07,71.008,91.38,68.217,61.203,centroid of the PatrolPoint_Attack group,30.306,5.28,0.18,1.934,16.568,23.956,9
sm2,survivalworld_h.map,p01_tier08,71.078,90.821,68.217,61.203,centroid of the PatrolPoint_Attack group,29.756,5.52,0.18,1.934,16.568,23.956,9
sm2,survivalworld_h.map,p01_tier09,71.236,91.251,68.217,61.203,centroid of the PatrolPoint_Attack group,30.199,5.74,0.19,1.934,16.568,23.956,9
sm2,survivalworld_h.map,p01_tier10,71.352,91.086,68.217,61.203,centroid of the PatrolPoint_Attack group,30.047,5.99,0.2,1.934,16.568,23.956,9
sm2,survivalworld_h.map,p01_tier11,71.207,90.6,68.217,61.203,centroid of the PatrolPoint_Attack group,29.548,5.81,0.19,1.934,16.568,23.956,9
sm2,survivalworld_h.map,p01_tier12,71.023,90.786,68.217,61.203,centroid of the PatrolPoint_Attack group,29.715,5.42,0.18,1.934,16.568,23.956,9
sm2,survivalworld_h.map,p01_tier13,72.411,89.743,68.217,61.203,centroid of the PatrolPoint_Attack group,28.846,8.36,0.28,1.934,16.568,23.956,9
sm2,survivalworld_h.map,p01_tier14,71.588,91.356,68.217,61.203,centroid of the PatrolPoint_Attack group,30.34,6.38,0.21,1.934,16.568,23.956,9
sm2,survivalworld_h.map,p01_tier15,71.585,91.728,68.217,61.203,centroid of the PatrolPoint_Attack group,30.71,6.3,0.21,1.934,16.568,23.956,9
sm2,survivalworld_h.map,p01_tier16,71.166,91.362,68.217,61.203,centroid of the PatrolPoint_Attack group,30.302,5.58,0.19,1.934,16.568,23.956,9
sm2,survivalworld_h.map,p01_tier17,71.172,91.43,68.217,61.203,centroid of the PatrolPoint_Attack group,30.371,5.58,0.19,1.934,16.568,23.956,9
sm2,survivalworld_h.map,p02,115.794,58.258,68.217,61.203,centroid of the PatrolPoint_Attack group,47.667,93.54,3.12,1.934,16.568,23.956,9
sm2,survivalworld_h.map,p03,107.753,42.339,68.217,61.203,centroid of the PatrolPoint_Attack group,43.805,115.51,3.85,1.934,16.568,23.956,9
sm2,survivalworld_h.map,p04,71.295,13.968,68.217,61.203,centroid of the PatrolPoint_Attack group,47.335,176.27,5.88,1.934,16.568,23.956,9
sm2,survivalworld_h.map,p05,72.071,77.919,68.217,61.203,centroid of the PatrolPoint_Attack group,17.154,12.98,0.43,1.934,16.568,23.956,9
sm2,survivalworld_h.map,p06,104.529,72.971,68.217,61.203,centroid of the PatrolPoint_Attack group,38.171,72.04,2.4,1.934,16.568,23.956,9
sm2,survivalworld_i.map,p01_tier01,26.423,67.14,50.205,43.925,centroid of the PatrolPoint_Attack group,33.234,314.31,10.48,3.284,16.027,23.437,10
sm2,survivalworld_i.map,p01_tier02,30.341,74.002,50.205,43.925,centroid of the PatrolPoint_Attack group,36.044,326.56,10.89,3.284,16.027,23.437,10
sm2,survivalworld_i.map,p01_tier03,30.347,73.755,50.205,43.925,centroid of the PatrolPoint_Attack group,35.835,326.35,10.88,3.284,16.027,23.437,10
sm2,survivalworld_i.map,p01_tier04,30.358,73.766,50.205,43.925,centroid of the PatrolPoint_Attack group,35.838,326.37,10.88,3.284,16.027,23.437,10
sm2,survivalworld_i.map,p01_tier05,30.212,73.763,50.205,43.925,centroid of the PatrolPoint_Attack group,35.916,326.18,10.87,3.284,16.027,23.437,10
sm2,survivalworld_i.map,p01_tier06,30.361,73.643,50.205,43.925,centroid of the PatrolPoint_Attack group,35.734,326.27,10.88,3.284,16.027,23.437,10
sm2,survivalworld_i.map,p01_tier07,31.246,73.153,50.205,43.925,centroid of the PatrolPoint_Attack group,34.838,327.03,10.9,3.284,16.027,23.437,10
sm2,survivalworld_i.map,p01_tier08,30.489,73.421,50.205,43.925,centroid of the PatrolPoint_Attack group,35.478,326.24,10.87,3.284,16.027,23.437,10
sm2,survivalworld_i.map,p01_tier09,30.519,74.073,50.205,43.925,centroid of the PatrolPoint_Attack group,36.006,326.86,10.9,3.284,16.027,23.437,10
sm2,survivalworld_i.map,p01_tier10,30.635,73.908,50.205,43.925,centroid of the PatrolPoint_Attack group,35.804,326.87,10.9,3.284,16.027,23.437,10
sm2,survivalworld_i.map,p01_tier11,30.683,73.752,50.205,43.925,centroid of the PatrolPoint_Attack group,35.647,326.8,10.89,3.284,16.027,23.437,10
sm2,survivalworld_i.map,p01_tier12,30.448,74.183,50.205,43.925,centroid of the PatrolPoint_Attack group,36.137,326.86,10.9,3.284,16.027,23.437,10
sm2,survivalworld_i.map,p01_tier13,30.312,74.236,50.205,43.925,centroid of the PatrolPoint_Attack group,36.256,326.72,10.89,3.284,16.027,23.437,10
sm2,survivalworld_i.map,p01_tier14,30.305,73.608,50.205,43.925,centroid of the PatrolPoint_Attack group,35.736,326.16,10.87,3.284,16.027,23.437,10
sm2,survivalworld_i.map,p01_tier15,30.291,74.202,50.205,43.925,centroid of the PatrolPoint_Attack group,36.239,326.67,10.89,3.284,16.027,23.437,10
sm2,survivalworld_i.map,p01_tier16,30.765,73.608,50.205,43.925,centroid of the PatrolPoint_Attack group,35.482,326.78,10.89,3.284,16.027,23.437,10
sm2,survivalworld_i.map,p01_tier17,30.343,73.946,50.205,43.925,centroid of the PatrolPoint_Attack group,35.996,326.51,10.88,3.284,16.027,23.437,10
sm2,survivalworld_i.map,p02,67.69,76.691,50.205,43.925,centroid of the PatrolPoint_Attack group,37.139,28.09,0.94,3.284,16.027,23.437,10
sm2,survivalworld_i.map,p03,85.95,26.933,50.205,43.925,centroid of the PatrolPoint_Attack group,39.579,115.43,3.85,3.284,16.027,23.437,10
sm2,survivalworld_i.map,p04,61.941,4.221,50.205,43.925,centroid of the PatrolPoint_Attack group,41.403,163.53,5.45,3.284,16.027,23.437,10
sm2,survivalworld_i.map,p05,51.904,44.03,50.205,43.925,centroid of the PatrolPoint_Attack group,1.703,86.48,2.88,3.284,16.027,23.437,10
sm2,survivalworld_i.map,p06,83.437,58.087,50.205,43.925,centroid of the PatrolPoint_Attack group,36.123,66.92,2.23,3.284,16.027,23.437,10
sm_mod,survivalworld_a.map,p01_tier01,46.639,74.434,81.26,64.361,centroid of the PatrolPoint_Attack group,36.057,286.22,9.54,5.963,18.202,24.818,11
sm_mod,survivalworld_a.map,p01_tier02,46.661,73.485,81.26,64.361,centroid of the PatrolPoint_Attack group,35.782,284.77,9.49,5.963,18.202,24.818,11
sm_mod,survivalworld_a.map,p01_tier03,46.286,74.628,81.26,64.361,centroid of the PatrolPoint_Attack group,36.45,286.36,9.55,5.963,18.202,24.818,11
sm_mod,survivalworld_a.map,p01_tier04,46.626,74.033,81.26,64.361,centroid of the PatrolPoint_Attack group,35.959,285.6,9.52,5.963,18.202,24.818,11
sm_mod,survivalworld_a.map,p01_tier05,47.194,73.976,81.26,64.361,centroid of the PatrolPoint_Attack group,35.397,285.76,9.53,5.963,18.202,24.818,11
sm_mod,survivalworld_a.map,p01_tier06,46.463,73.833,81.26,64.361,centroid of the PatrolPoint_Attack group,36.063,285.23,9.51,5.963,18.202,24.818,11
sm_mod,survivalworld_a.map,p01_tier07,46.768,73.871,81.26,64.361,centroid of the PatrolPoint_Attack group,35.779,285.42,9.51,5.963,18.202,24.818,11
sm_mod,survivalworld_a.map,p01_tier08,41.639,83.704,81.26,64.361,centroid of the PatrolPoint_Attack group,44.09,296.02,9.87,5.963,18.202,24.818,11
sm_mod,survivalworld_a.map,p01_tier09,47.184,73.464,81.26,64.361,centroid of the PatrolPoint_Attack group,35.272,284.96,9.5,5.963,18.202,24.818,11
sm_mod,survivalworld_a.map,p01_tier10,46.816,74.314,81.26,64.361,centroid of the PatrolPoint_Attack group,35.853,286.12,9.54,5.963,18.202,24.818,11
sm_mod,survivalworld_a.map,p01_tier11,53.125,83.853,81.26,64.361,centroid of the PatrolPoint_Attack group,34.228,304.71,10.16,5.963,18.202,24.818,11
sm_mod,survivalworld_a.map,p01_tier12,46.708,74.147,81.26,64.361,centroid of the PatrolPoint_Attack group,35.911,285.81,9.53,5.963,18.202,24.818,11
sm_mod,survivalworld_a.map,p01_tier13,46.674,74.103,81.26,64.361,centroid of the PatrolPoint_Attack group,35.932,285.73,9.52,5.963,18.202,24.818,11
sm_mod,survivalworld_a.map,p01_tier14,45.907,74.564,81.26,64.361,centroid of the PatrolPoint_Attack group,36.796,286.1,9.54,5.963,18.202,24.818,11
sm_mod,survivalworld_a.map,p01_tier15,46.882,74.669,81.26,64.361,centroid of the PatrolPoint_Attack group,35.891,286.69,9.56,5.963,18.202,24.818,11
sm_mod,survivalworld_a.map,p02,95.906,36.871,81.26,64.361,centroid of the PatrolPoint_Attack group,31.148,151.95,5.07,5.963,18.202,24.818,11
sm_mod,survivalworld_a.map,p03,89.385,96.729,81.26,64.361,centroid of the PatrolPoint_Attack group,33.372,14.09,0.47,5.963,18.202,24.818,11
sm_mod,survivalworld_a.map,p04,112.165,71.508,81.26,64.361,centroid of the PatrolPoint_Attack group,31.72,76.98,2.57,5.963,18.202,24.818,11
sm_mod,survivalworld_a.map,p05,71.793,57.653,81.26,64.361,centroid of the PatrolPoint_Attack group,11.603,234.68,7.82,5.963,18.202,24.818,11
sm_mod,survivalworld_a.map,p06,102.189,82.58,81.26,64.361,centroid of the PatrolPoint_Attack group,27.748,48.96,1.63,5.963,18.202,24.818,11
sm_mod,survivalworld_b.map,p01_tier01,30.793,67.506,71.086,64.705,centroid of the PatrolPoint_Attack group,40.39,273.98,9.13,2.801,12.832,18.206,11
sm_mod,survivalworld_b.map,p01_tier02,29.537,57.306,71.086,64.705,centroid of the PatrolPoint_Attack group,42.202,259.9,8.66,2.801,12.832,18.206,11
sm_mod,survivalworld_b.map,p01_tier03,35.586,63.971,71.086,64.705,centroid of the PatrolPoint_Attack group,35.507,268.82,8.96,2.801,12.832,18.206,11
sm_mod,survivalworld_b.map,p01_tier04,35.978,64.614,71.086,64.705,centroid of the PatrolPoint_Attack group,35.108,269.85,9.0,2.801,12.832,18.206,11
sm_mod,survivalworld_b.map,p01_tier05,35.854,64.696,71.086,64.705,centroid of the PatrolPoint_Attack group,35.232,269.99,9.0,2.801,12.832,18.206,11
sm_mod,survivalworld_b.map,p01_tier06,36.528,63.499,71.086,64.705,centroid of the PatrolPoint_Attack group,34.578,268.0,8.93,2.801,12.832,18.206,11
sm_mod,survivalworld_b.map,p01_tier07,35.747,64.491,71.086,64.705,centroid of the PatrolPoint_Attack group,35.339,269.65,8.99,2.801,12.832,18.206,11
sm_mod,survivalworld_b.map,p01_tier08,35.835,64.363,71.086,64.705,centroid of the PatrolPoint_Attack group,35.252,269.44,8.98,2.801,12.832,18.206,11
sm_mod,survivalworld_b.map,p01_tier09,35.872,64.408,71.086,64.705,centroid of the PatrolPoint_Attack group,35.215,269.52,8.98,2.801,12.832,18.206,11
sm_mod,survivalworld_b.map,p01_tier10,35.98,65.224,71.086,64.705,centroid of the PatrolPoint_Attack group,35.11,270.85,9.03,2.801,12.832,18.206,11
sm_mod,survivalworld_b.map,p01_tier11,35.588,64.716,71.086,64.705,centroid of the PatrolPoint_Attack group,35.498,270.02,9.0,2.801,12.832,18.206,11
sm_mod,survivalworld_b.map,p01_tier12,35.913,64.38,71.086,64.705,centroid of the PatrolPoint_Attack group,35.174,269.47,8.98,2.801,12.832,18.206,11
sm_mod,survivalworld_b.map,p01_tier13,36.17,64.07,71.086,64.705,centroid of the PatrolPoint_Attack group,34.922,268.96,8.97,2.801,12.832,18.206,11
sm_mod,survivalworld_b.map,p01_tier14,34.749,64.516,71.086,64.705,centroid of the PatrolPoint_Attack group,36.337,269.7,8.99,2.801,12.832,18.206,11
sm_mod,survivalworld_b.map,p01_tier15,35.3,64.65,71.086,64.705,centroid of the PatrolPoint_Attack group,35.786,269.91,9.0,2.801,12.832,18.206,11
sm_mod,survivalworld_b.map,p02,76.123,24.469,71.086,64.705,centroid of the PatrolPoint_Attack group,40.55,172.86,5.76,2.801,12.832,18.206,11
sm_mod,survivalworld_b.map,p03,63.925,103.009,71.086,64.705,centroid of the PatrolPoint_Attack group,38.967,349.41,11.65,2.801,12.832,18.206,11
sm_mod,survivalworld_b.map,p04,109.496,62.91,71.086,64.705,centroid of the PatrolPoint_Attack group,38.452,92.68,3.09,2.801,12.832,18.206,11
sm_mod,survivalworld_b.map,p05,61.954,66.847,71.086,64.705,centroid of the PatrolPoint_Attack group,9.38,283.2,9.44,2.801,12.832,18.206,11
sm_mod,survivalworld_b.map,p06,98.478,93.699,71.086,64.705,centroid of the PatrolPoint_Attack group,39.887,43.37,1.45,2.801,12.832,18.206,11
sm_mod,survivalworld_c.map,p01_tier01,35.612,65.233,67.809,59.559,centroid of the PatrolPoint_Attack group,32.693,279.99,9.33,2.23,18.697,29.825,11
sm_mod,survivalworld_c.map,p01_tier02,35.641,64.999,67.809,59.559,centroid of the PatrolPoint_Attack group,32.624,279.6,9.32,2.23,18.697,29.825,11
sm_mod,survivalworld_c.map,p01_tier03,35.647,64.751,67.809,59.559,centroid of the PatrolPoint_Attack group,32.578,279.17,9.31,2.23,18.697,29.825,11
sm_mod,survivalworld_c.map,p01_tier04,35.605,64.604,67.809,59.559,centroid of the PatrolPoint_Attack group,32.596,278.9,9.3,2.23,18.697,29.825,11
sm_mod,survivalworld_c.map,p01_tier05,35.512,64.759,67.809,59.559,centroid of the PatrolPoint_Attack group,32.713,279.15,9.3,2.23,18.697,29.825,11
sm_mod,survivalworld_c.map,p01_tier06,35.983,64.749,67.809,59.559,centroid of the PatrolPoint_Attack group,32.246,279.26,9.31,2.23,18.697,29.825,11
sm_mod,survivalworld_c.map,p01_tier07,35.818,65.07,67.809,59.559,centroid of the PatrolPoint_Attack group,32.461,279.77,9.33,2.23,18.697,29.825,11
sm_mod,survivalworld_c.map,p01_tier08,35.66,64.639,67.809,59.559,centroid of the PatrolPoint_Attack group,32.547,278.98,9.3,2.23,18.697,29.825,11
sm_mod,survivalworld_c.map,p01_tier09,35.789,64.418,67.809,59.559,centroid of the PatrolPoint_Attack group,32.386,278.63,9.29,2.23,18.697,29.825,11
sm_mod,survivalworld_c.map,p01_tier10,35.935,64.905,67.809,59.559,centroid of the PatrolPoint_Attack group,32.319,279.52,9.32,2.23,18.697,29.825,11
sm_mod,survivalworld_c.map,p01_tier11,35.59,65.198,67.809,59.559,centroid of the PatrolPoint_Attack group,32.708,279.93,9.33,2.23,18.697,29.825,11
sm_mod,survivalworld_c.map,p01_tier12,36.993,63.561,67.809,59.559,centroid of the PatrolPoint_Attack group,31.074,277.4,9.25,2.23,18.697,29.825,11
sm_mod,survivalworld_c.map,p01_tier13,35.657,64.763,67.809,59.559,centroid of the PatrolPoint_Attack group,32.57,279.19,9.31,2.23,18.697,29.825,11
sm_mod,survivalworld_c.map,p01_tier14,35.642,64.942,67.809,59.559,centroid of the PatrolPoint_Attack group,32.614,279.5,9.32,2.23,18.697,29.825,11
sm_mod,survivalworld_c.map,p01_tier15,35.748,65.18,67.809,59.559,centroid of the PatrolPoint_Attack group,32.549,279.94,9.33,2.23,18.697,29.825,11
sm_mod,survivalworld_c.map,p02,53.448,95.951,67.809,59.559,centroid of the PatrolPoint_Attack group,39.123,338.47,11.28,2.23,18.697,29.825,11
sm_mod,survivalworld_c.map,p03,91.576,85.197,67.809,59.559,centroid of the PatrolPoint_Attack group,34.96,42.83,1.43,2.23,18.697,29.825,11
sm_mod,survivalworld_c.map,p04,92.789,32.169,67.809,59.559,centroid of the PatrolPoint_Attack group,37.071,137.64,4.59,2.23,18.697,29.825,11
sm_mod,survivalworld_c.map,p06,95.04,61.38,67.809,59.559,centroid of the PatrolPoint_Attack group,27.292,86.18,2.87,2.23,18.697,29.825,11
sm_mod,survivalworld_d.map,p01_tier01,36.508,43.103,33.545,84.391,centroid of the PatrolPoint_Attack group,41.394,175.9,5.86,1.414,18.52,26.64,11
sm_mod,survivalworld_d.map,p01_tier02,36.672,43.282,33.545,84.391,centroid of the PatrolPoint_Attack group,41.228,175.65,5.86,1.414,18.52,26.64,11
sm_mod,survivalworld_d.map,p01_tier03,36.558,43.307,33.545,84.391,centroid of the PatrolPoint_Attack group,41.194,175.81,5.86,1.414,18.52,26.64,11
sm_mod,survivalworld_d.map,p01_tier04,36.689,43.169,33.545,84.391,centroid of the PatrolPoint_Attack group,41.342,175.64,5.85,1.414,18.52,26.64,11
sm_mod,survivalworld_d.map,p01_tier05,36.849,43.277,33.545,84.391,centroid of the PatrolPoint_Attack group,41.247,175.41,5.85,1.414,18.52,26.64,11
sm_mod,survivalworld_d.map,p01_tier06,35.983,43.636,33.545,84.391,centroid of the PatrolPoint_Attack group,40.828,176.58,5.89,1.414,18.52,26.64,11
sm_mod,survivalworld_d.map,p01_tier07,36.624,43.381,33.545,84.391,centroid of the PatrolPoint_Attack group,41.126,175.71,5.86,1.414,18.52,26.64,11
sm_mod,survivalworld_d.map,p01_tier08,36.644,43.792,33.545,84.391,centroid of the PatrolPoint_Attack group,40.717,175.63,5.85,1.414,18.52,26.64,11
sm_mod,survivalworld_d.map,p01_tier09,36.467,42.553,33.545,84.391,centroid of the PatrolPoint_Attack group,41.94,176.0,5.87,1.414,18.52,26.64,11
sm_mod,survivalworld_d.map,p01_tier10,36.288,43.211,33.545,84.391,centroid of the PatrolPoint_Attack group,41.271,176.19,5.87,1.414,18.52,26.64,11
sm_mod,survivalworld_d.map,p01_tier11,36.35,43.525,33.545,84.391,centroid of the PatrolPoint_Attack group,40.962,176.07,5.87,1.414,18.52,26.64,11
sm_mod,survivalworld_d.map,p01_tier12,35.084,52.98,33.545,84.391,centroid of the PatrolPoint_Attack group,31.448,177.2,5.91,1.414,18.52,26.64,11
sm_mod,survivalworld_d.map,p01_tier13,36.419,43.672,33.545,84.391,centroid of the PatrolPoint_Attack group,40.82,175.96,5.87,1.414,18.52,26.64,11
sm_mod,survivalworld_d.map,p01_tier14,36.519,43.681,33.545,84.391,centroid of the PatrolPoint_Attack group,40.819,175.82,5.86,1.414,18.52,26.64,11
sm_mod,survivalworld_d.map,p01_tier15,36.62,43.003,33.545,84.391,centroid of the PatrolPoint_Attack group,41.503,175.75,5.86,1.414,18.52,26.64,11
sm_mod,survivalworld_d.map,p02,10.191,111.129,33.545,84.391,centroid of the PatrolPoint_Attack group,35.501,318.86,10.63,1.414,18.52,26.64,11
sm_mod,survivalworld_d.map,p03,71.774,93.993,33.545,84.391,centroid of the PatrolPoint_Attack group,39.416,75.9,2.53,1.414,18.52,26.64,11
sm_mod,survivalworld_d.map,p04,47.727,126.574,33.545,84.391,centroid of the PatrolPoint_Attack group,44.503,18.58,0.62,1.414,18.52,26.64,11
sm_mod,survivalworld_d.map,p06,71.684,89.493,33.545,84.391,centroid of the PatrolPoint_Attack group,38.479,82.38,2.75,1.414,18.52,26.64,11
sm_mod,survivalworld_e.map,p01_tier01,34.426,77.955,70.462,62.855,centroid of the PatrolPoint_Attack group,39.071,292.74,9.76,2.181,15.481,20.81,11
sm_mod,survivalworld_e.map,p01_tier02,34.396,77.643,70.462,62.855,centroid of the PatrolPoint_Attack group,38.98,292.29,9.74,2.181,15.481,20.81,11
sm_mod,survivalworld_e.map,p01_tier03,34.495,77.668,70.462,62.855,centroid of the PatrolPoint_Attack group,38.897,292.38,9.75,2.181,15.481,20.81,11
sm_mod,survivalworld_e.map,p01_tier04,34.981,77.497,70.462,62.855,centroid of the PatrolPoint_Attack group,38.383,292.42,9.75,2.181,15.481,20.81,11
sm_mod,survivalworld_e.map,p01_tier05,34.073,78.149,70.462,62.855,centroid of the PatrolPoint_Attack group,39.472,292.8,9.76,2.181,15.481,20.81,11
sm_mod,survivalworld_e.map,p01_tier06,34.604,77.835,70.462,62.855,centroid of the PatrolPoint_Attack group,38.861,292.67,9.76,2.181,15.481,20.81,11
sm_mod,survivalworld_e.map,p01_tier07,34.448,77.006,70.462,62.855,centroid of the PatrolPoint_Attack group,38.694,291.45,9.72,2.181,15.481,20.81,11
sm_mod,survivalworld_e.map,p01_tier08,34.971,76.985,70.462,62.855,centroid of the PatrolPoint_Attack group,38.2,291.71,9.72,2.181,15.481,20.81,11
sm_mod,survivalworld_e.map,p01_tier09,34.25,77.354,70.462,62.855,centroid of the PatrolPoint_Attack group,39.006,291.82,9.73,2.181,15.481,20.81,11
sm_mod,survivalworld_e.map,p01_tier10,34.669,78.19,70.462,62.855,centroid of the PatrolPoint_Attack group,38.94,293.19,9.77,2.181,15.481,20.81,11
sm_mod,survivalworld_e.map,p01_tier11,42.927,71.536,70.462,62.855,centroid of the PatrolPoint_Attack group,28.871,287.5,9.58,2.181,15.481,20.81,11
sm_mod,survivalworld_e.map,p01_tier12,34.556,77.392,70.462,62.855,centroid of the PatrolPoint_Attack group,38.737,292.04,9.73,2.181,15.481,20.81,11
sm_mod,survivalworld_e.map,p01_tier13,34.413,77.555,70.462,62.855,centroid of the PatrolPoint_Attack group,38.93,292.18,9.74,2.181,15.481,20.81,11
sm_mod,survivalworld_e.map,p01_tier14,33.695,78.085,70.462,62.855,centroid of the PatrolPoint_Attack group,39.797,292.5,9.75,2.181,15.481,20.81,11
sm_mod,survivalworld_e.map,p01_tier15,34.461,77.625,70.462,62.855,centroid of the PatrolPoint_Attack group,38.913,292.31,9.74,2.181,15.481,20.81,11
sm_mod,survivalworld_e.map,p02,82.4,28.946,70.462,62.855,centroid of the PatrolPoint_Attack group,35.949,160.61,5.35,2.181,15.481,20.81,11
sm_mod,survivalworld_e.map,p03,71.368,100.191,70.462,62.855,centroid of the PatrolPoint_Attack group,37.347,1.39,0.05,2.181,15.481,20.81,11
sm_mod,survivalworld_e.map,p04,106.88,64.45,70.462,62.855,centroid of the PatrolPoint_Attack group,36.453,87.49,2.92,2.181,15.481,20.81,11
sm_mod,survivalworld_e.map,p06,91.878,85.499,70.462,62.855,centroid of the PatrolPoint_Attack group,31.167,43.4,1.45,2.181,15.481,20.81,11
sm_mod,survivalworld_f.map,p01_tier01,24.285,67.799,62.695,61.05,centroid of the PatrolPoint_Attack group,38.999,279.96,9.33,5.511,20.885,30.072,12
sm_mod,survivalworld_f.map,p01_tier02,19.517,69.997,62.695,61.05,centroid of the PatrolPoint_Attack group,44.095,281.71,9.39,5.511,20.885,30.072,12
sm_mod,survivalworld_f.map,p01_tier03,19.894,69.74,62.695,61.05,centroid of the PatrolPoint_Attack group,43.674,281.48,9.38,5.511,20.885,30.072,12
sm_mod,survivalworld_f.map,p01_tier04,19.493,70.205,62.695,61.05,centroid of the PatrolPoint_Attack group,44.162,281.96,9.4,5.511,20.885,30.072,12
sm_mod,survivalworld_f.map,p01_tier05,19.483,70.492,62.695,61.05,centroid of the PatrolPoint_Attack group,44.231,282.32,9.41,5.511,20.885,30.072,12
sm_mod,survivalworld_f.map,p01_tier06,19.885,70.713,62.695,61.05,centroid of the PatrolPoint_Attack group,43.888,282.72,9.42,5.511,20.885,30.072,12
sm_mod,survivalworld_f.map,p01_tier07,19.777,69.897,62.695,61.05,centroid of the PatrolPoint_Attack group,43.821,281.65,9.39,5.511,20.885,30.072,12
sm_mod,survivalworld_f.map,p01_tier08,19.952,69.801,62.695,61.05,centroid of the PatrolPoint_Attack group,43.63,281.57,9.39,5.511,20.885,30.072,12
sm_mod,survivalworld_f.map,p01_tier09,19.74,69.853,62.695,61.05,centroid of the PatrolPoint_Attack group,43.848,281.58,9.39,5.511,20.885,30.072,12
sm_mod,survivalworld_f.map,p01_tier10,18.654,70.005,62.695,61.05,centroid of the PatrolPoint_Attack group,44.942,281.49,9.38,5.511,20.885,30.072,12
sm_mod,survivalworld_f.map,p01_tier11,19.883,70.103,62.695,61.05,centroid of the PatrolPoint_Attack group,43.759,281.94,9.4,5.511,20.885,30.072,12
sm_mod,survivalworld_f.map,p01_tier12,19.872,69.784,62.695,61.05,centroid of the PatrolPoint_Attack group,43.705,281.53,9.38,5.511,20.885,30.072,12
sm_mod,survivalworld_f.map,p01_tier13,19.652,69.98,62.695,61.05,centroid of the PatrolPoint_Attack group,43.96,281.72,9.39,5.511,20.885,30.072,12
sm_mod,survivalworld_f.map,p01_tier14,19.497,70.507,62.695,61.05,centroid of the PatrolPoint_Attack group,44.221,282.35,9.41,5.511,20.885,30.072,12
sm_mod,survivalworld_f.map,p01_tier15,19.758,70.186,62.695,61.05,centroid of the PatrolPoint_Attack group,43.898,282.01,9.4,5.511,20.885,30.072,12
sm_mod,survivalworld_f.map,p02,76.055,29.572,62.695,61.05,centroid of the PatrolPoint_Attack group,34.196,157.0,5.23,5.511,20.885,30.072,12
sm_mod,survivalworld_f.map,p03,46.942,100.179,62.695,61.05,centroid of the PatrolPoint_Attack group,42.181,338.07,11.27,5.511,20.885,30.072,12
sm_mod,survivalworld_f.map,p04,90.38,49.976,62.695,61.05,centroid of the PatrolPoint_Attack group,29.818,111.8,3.73,5.511,20.885,30.072,12
sm_mod,survivalworld_f.map,p05,55.169,53.086,62.695,61.05,centroid of the PatrolPoint_Attack group,10.957,223.38,7.45,5.511,20.885,30.072,12
sm_mod,survivalworld_f.map,p06,89.138,91.526,62.695,61.05,centroid of the PatrolPoint_Attack group,40.349,40.95,1.36,5.511,20.885,30.072,12
