model,limb,value,residual_vs_sheet,residual_pct
C7_component_pct_GLOBAL_weighted,B (piece + global flat),3603.3424,46.3424,1.3028507168962609
C3_G_before_local_pct_weighted,B (piece + global flat),3480.90912,-76.0908800000002,-2.139186955299415
C1_LAPX_WINNER_G_outside_weighted,B (piece + global flat),3465.03456,-91.96543999999994,-2.585477649704806
C2_G_added_to_every_piece_weighted,B (piece + global flat),3465.03456,-91.96543999999994,-2.585477649704806
C4_G_outside_SIMPLE_average,B (piece + global flat),3350.3808000000004,-206.61919999999964,-5.8088051728984995
C8_G_UNSCALED_weighted,B (piece + global flat),3108.87456,-448.1254399999998,-12.598409895979753
A1_PIECE_ALONE_weighted,A (piece-alone),2472.87456,-1084.1254399999998,-30.478646050042165
A3_PIECE_ALONE_weighted_no_local,A (piece-alone),2435.4096,-1121.5904,-31.531920157436044
A2_PIECE_ALONE_SIMPLE_average,A (piece-alone),2358.2208,-1198.7792,-33.701973573235875
