mask,t_sec,wave,x_left,x_right,x_c,y,w,rows,txt
green_mask2,683.5,151,86,100,93.0,486.5,15,3,314
green_mask2,684.0,151,56,92,74.0,319.0,37,6,374
green_mask2,684.0,151,150,167,158.5,325.0,18,4,380
green_mask2,684.0,151,29,47,38.0,428.5,19,3,148
green_mask2,684.0,151,1860,1887,1873.5,450.0,28,6,225
green_mask2,684.5,151,256,271,263.5,195.0,16,6,110
green_mask2,684.5,151,305,335,320.0,330.0,31,6,236
green_mask2,685.0,151,419,433,426.0,233.5,15,3,89
green_mask2,686.5,151,735,756,745.5,275.0,22,6,106
green_mask2,686.5,151,710,793,751.5,309.0,84,6,101
green_mask2,687.0,151,757,843,800.0,425.5,87,5,209
green_mask2,687.0,151,736,816,776.0,456.0,81,4,158
green_mask2,687.0,151,726,813,769.5,475.5,88,3,190
green_mask2,688.0,151,593,646,619.5,460.0,54,4,122
green_mask2,691.0,151,1711,1789,1750.0,319.5,79,5,271
green_mask2,691.0,151,1822,1847,1834.5,319.5,26,3,257
green_mask2,691.0,151,1714,1740,1727.0,328.0,27,4,141
green_mask2,691.0,151,1845,1858,1851.5,376.0,14,4,127
green_mask2,691.5,151,1716,1795,1755.5,310.5,80,5,219
green_mask2,695.0,151,1889,1911,1900.0,263.5,23,3,116
green_mask2,699.0,152,477,511,494.0,73.0,35,6,272
green_mask2,699.5,152,461,522,491.5,155.5,62,3,162
green_mask2,700.0,152,415,437,426.0,85.0,23,4,151
green_mask2,700.0,152,448,481,464.5,103.0,34,6,270
green_mask2,700.0,152,248,287,267.5,152.5,40,5,125
green_mask2,700.0,152,258,298,278.0,159.0,41,6,224
green_mask2,700.0,152,388,460,424.0,159.0,73,6,227
green_mask2,700.0,152,472,489,480.5,163.0,18,6,110
green_mask2,701.0,152,343,387,365.0,64.0,45,4,325
green_mask2,701.0,152,318,402,360.0,106.5,85,3,145
green_mask2,701.5,152,580,599,589.5,140.5,20,3,100
green_mask2,701.5,152,510,527,518.5,209.5,18,3,444
green_mask2,701.5,152,448,467,457.5,245.0,20,6,304
green_mask2,701.5,152,494,523,508.5,245.0,30,6,390
green_mask2,701.5,152,646,682,664.0,253.5,37,5,414
green_mask2,702.0,152,816,834,825.0,231.0,19,6,128
green_mask2,702.0,152,783,803,793.0,250.5,21,3,152
green_mask2,702.0,152,820,833,826.5,276.5,14,3,227
green_mask2,702.0,152,832,853,842.5,290.0,22,4,109
green_mask2,702.0,152,754,787,770.5,332.0,34,4,416
green_mask2,702.0,152,713,731,722.0,334.0,19,4,364
green_mask2,702.0,152,756,801,778.5,371.0,46,6,257
green_mask2,702.0,152,670,688,679.0,384.0,19,4,431
green_mask2,702.5,152,746,761,753.5,275.0,16,6,72
green_mask2,702.5,152,834,848,841.0,357.0,15,6,502
green_mask2,702.5,152,754,813,783.5,384.5,60,3,306
green_mask2,702.5,152,750,837,793.5,397.0,88,6,347
green_mask2,703.0,152,694,715,704.5,417.0,22,4,158
green_mask2,703.0,152,472,488,480.0,460.0,17,4,224
green_mask2,703.5,152,364,389,376.5,398.0,26,4,304
green_mask2,704.0,152,338,362,350.0,367.0,25,6,132
green_mask2,704.5,152,1731,1771,1751.0,307.0,41,6,172
green_mask2,704.5,152,58,140,99.0,345.5,83,5,83
green_mask2,704.5,152,1674,1693,1683.5,376.5,20,5,88
green_mask2,704.5,152,52,71,61.5,381.0,20,6,103
green_mask2,705.0,152,13,38,25.5,191.5,26,5,257
green_mask2,705.0,152,296,310,303.0,716.0,15,4,87
green_mask2,706.0,152,718,744,731.0,209.0,27,4,94
green_mask2,706.0,152,746,761,753.5,224.5,16,5,119
green_mask2,706.5,152,671,703,687.0,282.0,33,4,219
green_mask2,709.5,152,1073,1094,1083.5,439.0,22,6,379
green_mask2,710.0,152,1206,1227,1216.5,564.0,22,4,146
green_mask2,711.0,152,1838,1852,1845.0,295.0,15,4,146
green_mask2,713.0,152,1305,1319,1312.0,138.5,15,3,103
green_mask2,715.5,153,1871,1889,1880.0,266.0,19,6,117
green_mask2,716.5,153,325,340,332.5,145.5,16,3,323
green_mask2,716.5,153,1807,1891,1849.0,302.0,85,4,174
green_mask2,716.5,153,1887,1903,1895.0,315.5,17,5,220
green_mask2,719.5,153,1066,1081,1073.5,374.5,16,3,200
green_mask2,720.0,153,1535,1574,1554.5,316.0,40,4,160
green_mask2,720.0,153,1580,1650,1615.0,316.0,71,4,75
green_mask2,720.0,153,1462,1487,1474.5,323.0,26,6,486
green_mask2,721.5,153,1872,1916,1894.0,281.0,45,6,125
green_mask2,721.5,153,1763,1782,1772.5,307.5,20,3,199
green_mask2,721.5,153,1764,1780,1772.0,317.0,17,4,273
green_mask2,728.5,153,1291,1307,1299.0,158.0,17,4,74
green_mask2,730.5,154,1696,1717,1706.5,324.0,22,4,117
green_mask2,730.5,154,1681,1695,1688.0,377.5,15,3,113
green_mask2,730.5,154,1739,1756,1747.5,380.0,18,6,324
green_mask2,730.5,154,1763,1776,1769.5,389.5,14,3,295
green_mask2,733.5,154,1301,1315,1308.0,141.5,15,5,94
green_mask2,735.5,154,972,999,985.5,425.5,28,3,524
green_mask2,744.0,155,1259,1274,1266.5,66.0,16,4,81
green_mask2,744.0,155,1279,1304,1291.5,138.0,26,6,71
green_mask2,745.0,155,1684,1712,1698.0,323.0,29,6,94
green_mask2,745.5,155,1830,1857,1843.5,300.5,28,3,160
green_mask2,745.5,155,1893,1907,1900.0,306.5,15,3,181
green_mask2,745.5,155,1760,1783,1771.5,318.0,24,4,280
green_mask2,745.5,155,1824,1837,1830.5,321.0,14,4,263
green_mask2,748.5,155,1018,1031,1024.5,547.5,14,3,621
green_mask2,756.5,155,1255,1271,1263.0,77.5,17,5,121
green_mask2,756.5,155,1232,1259,1245.5,89.5,28,3,118
green_mask2,756.5,155,1294,1307,1300.5,160.5,14,3,72
green_mask2,757.5,155,1209,1241,1225.0,96.5,33,3,73
green_mask2,758.0,155,1208,1225,1216.5,89.0,18,4,148
green_mask2,758.5,155,1228,1243,1235.5,75.5,16,3,77
green_mask2,758.5,155,1242,1255,1248.5,94.5,14,3,83
green_mask2,765.0,156,1185,1215,1200.0,794.5,31,5,170
green_mask2,765.0,156,1104,1119,1111.5,797.0,16,6,263
green_mask2,765.0,156,1216,1234,1225.0,803.0,19,6,145
green_mask2,767.0,156,1390,1405,1397.5,594.5,16,3,624
green_mask2,767.5,156,1037,1053,1045.0,538.0,17,4,751
green_mask2,778.0,156,973,996,984.5,429.5,24,3,527
green_mask2,783.0,157,969,996,982.5,429.5,28,3,684
green_mask2,788.5,157,736,749,742.5,239.5,14,5,372
green_mask2,790.5,157,965,979,972.0,292.0,15,4,494
green_mask2,790.5,157,1377,1394,1385.5,754.0,18,4,204
green_mask2,797.0,157,1095,1111,1103.0,583.5,17,5,641
green_mask2,806.5,158,785,799,792.0,874.0,15,4,353
green_mask2,806.5,158,826,844,835.0,901.5,19,5,155
green_mask2,807.0,158,800,815,807.5,393.5,16,5,86
green_mask2,809.5,158,86,105,95.5,147.5,20,3,126
green_mask2,813.5,159,1282,1305,1293.5,139.0,24,6,74
green_mask2,813.5,159,1294,1307,1300.5,159.5,14,3,76
green_mask2,820.0,159,1351,1377,1364.0,516.5,27,5,485
green_mask2,820.0,159,1322,1377,1349.5,529.0,56,6,575
green_mask2,820.0,159,1380,1399,1389.5,536.5,20,5,121
green_mask2,820.0,159,1302,1390,1346.0,542.5,89,3,178
green_mask2,820.5,159,1121,1136,1128.5,878.0,16,4,217
green_mask2,820.5,159,1164,1185,1174.5,906.5,22,3,777
green_mask2,820.5,159,1136,1155,1145.5,957.0,20,6,653
green_mask2,821.0,159,1868,1881,1874.5,265.5,14,5,116
green_mask2,821.0,159,1454,1468,1461.0,658.0,15,4,130
green_mask2,821.5,159,1185,1201,1193.0,674.0,17,4,281
green_mask2,821.5,159,1194,1213,1203.5,687.5,20,5,220
green_mask2,821.5,159,1238,1257,1247.5,704.0,20,4,87
green_mask2,822.0,159,1856,1875,1865.5,275.0,20,6,122
green_mask2,822.0,159,1264,1277,1270.5,824.5,14,3,167
green_mask2,822.5,159,1414,1435,1424.5,740.0,22,4,214
green_mask2,822.5,159,1325,1347,1336.0,742.0,23,4,257
green_mask2,822.5,159,1406,1423,1414.5,760.0,18,4,163
green_mask2,823.0,159,1860,1873,1866.5,272.5,14,3,121
green_mask2,823.5,159,1866,1883,1874.5,315.5,18,3,232
green_mask2,824.0,159,1888,1910,1899.0,318.0,23,4,178
green_mask2,825.0,159,1846,1875,1860.5,283.0,30,6,128
green_mask2,825.0,159,1864,1882,1873.0,304.0,19,4,184
green_mask2,825.0,159,874,896,885.0,315.0,23,6,111
green_mask2,825.0,159,882,895,888.5,354.5,14,5,195
green_mask2,825.0,159,1238,1256,1247.0,397.0,19,4,129
green_mask2,825.0,159,1154,1169,1161.5,484.5,16,3,94
green_mask2,825.0,159,1188,1207,1197.5,485.5,20,3,72
green_mask2,825.5,159,1050,1064,1057.0,572.5,15,5,284
green_mask2,825.5,159,1070,1087,1078.5,580.0,18,4,388
green_mask2,825.5,159,1357,1377,1367.0,736.0,21,4,230
green_mask2,828.0,159,1798,1816,1807.0,385.5,19,3,341
green_mask2,828.5,159,1809,1840,1824.5,301.5,32,3,170
green_mask2,828.5,159,1771,1787,1779.0,314.5,17,5,243
green_mask2,828.5,159,1759,1773,1766.0,374.0,15,6,104
green_mask2,829.0,159,1899,1919,1909.0,296.0,21,4,152
green_mask2,829.0,159,1886,1915,1900.5,319.0,30,6,169
green_mask2,830.0,159,1681,1751,1716.0,318.0,71,4,118
green_mask2,830.0,159,1714,1736,1725.0,327.0,23,6,147
green_mask2,831.0,159,1891,1906,1898.5,290.0,16,4,135
green_mask2,831.0,159,1885,1903,1894.0,386.5,19,5,116
green_mask2,831.0,159,1073,1090,1081.5,622.0,18,4,575
green_mask2,831.0,159,1134,1151,1142.5,655.0,18,6,127
green_mask2,831.5,159,1832,1886,1859.0,292.0,55,6,137
green_mask2,831.5,159,1882,1911,1896.5,316.0,30,4,203
green_mask2,831.5,159,1826,1843,1834.5,374.0,18,4,74
green_mask2,832.0,159,238,259,248.5,280.5,22,5,115
green_mask2,832.0,159,1806,1834,1820.0,308.0,29,6,200
green_mask2,832.0,159,1839,1919,1879.0,308.0,81,6,198
green_mask2,832.0,159,1813,1837,1825.0,314.5,25,5,230
green_mask2,832.5,159,972,991,981.5,270.5,20,3,82
green_mask2,832.5,159,972,985,978.5,282.5,14,3,94
green_mask2,832.5,159,1877,1900,1888.5,299.0,24,6,161
green_mask2,832.5,159,1820,1867,1843.5,299.5,48,5,161
green_mask2,832.5,159,1900,1919,1909.5,318.5,20,3,130
green_mask2,832.5,159,1028,1045,1036.5,354.0,18,4,245
green_mask2,833.5,159,1052,1067,1059.5,490.0,16,4,73
green_mask2,835.0,159,1716,1733,1724.5,315.5,18,3,116
green_mask2,835.0,159,1746,1812,1779.0,386.0,67,4,329
green_mask2,836.5,159,1304,1322,1313.0,139.0,19,4,102
green_mask2,838.0,159,1086,1103,1094.5,506.0,18,4,128
green_mask2,838.5,159,757,775,766.0,628.5,19,3,99
green_mask2,838.5,159,716,733,724.5,645.0,18,6,80
green_mask2,838.5,159,712,727,719.5,651.0,16,6,117
green_mask2,838.5,159,757,822,789.5,656.0,66,4,131
green_mask2,838.5,159,706,735,720.5,657.0,30,6,136
green_mask2,844.5,160,1696,1721,1708.5,321.0,26,6,132
green_mask2,845.0,160,1901,1915,1908.0,272.5,15,3,120
green_mask2,845.5,160,1867,1881,1874.0,266.0,15,4,116
green_mask2,845.5,160,1901,1917,1909.0,386.0,17,4,91
green_mask2,846.0,160,1800,1821,1810.5,303.0,22,4,174
green_mask2,846.0,160,1740,1819,1779.5,307.5,80,3,197
green_mask2,846.0,160,1798,1824,1811.0,312.0,27,4,228
green_mask2,846.0,160,1755,1779,1767.0,321.5,25,5,265
green_mask2,846.0,160,1664,1682,1673.0,324.0,19,4,93
green_mask2,846.5,160,1775,1789,1782.0,308.0,15,6,205
green_mask2,846.5,160,1730,1768,1749.0,315.0,39,6,256
green_mask2,849.5,160,128,143,135.5,590.0,16,4,255
green_mask2,850.5,160,1307,1327,1317.0,135.0,21,4,91
green_mask2,854.5,160,792,810,801.0,212.0,19,6,100
green_mask2,858.5,160,1811,1833,1822.0,302.0,23,6,172
green_mask2,858.5,160,1695,1719,1707.0,382.5,25,5,241
green_mask2,858.5,160,1865,1881,1873.0,392.5,17,3,84
green_mask2,859.0,160,1811,1833,1822.0,303.0,23,6,178
green_mask2,859.5,160,1827,1844,1835.5,300.5,18,5,166
green_mask2,859.5,160,1755,1811,1783.0,305.0,57,6,186
green_mask2,862.5,160,1902,1919,1910.5,276.5,18,3,121
green_mask2,862.5,160,1846,1865,1855.5,283.0,20,4,125
green_mask2,862.5,160,1880,1899,1889.5,307.5,20,3,198
green_mask2,862.5,160,1823,1837,1830.0,393.0,15,6,105
green_mask2,863.0,160,1739,1753,1746.0,307.0,15,6,138
green_mask2,863.0,160,1756,1772,1764.0,318.5,17,5,280
green_mask2,863.0,160,1760,1785,1772.5,381.5,26,3,352
green_mask2,863.5,160,1790,1805,1797.5,308.5,16,5,207
green_mask2,863.5,160,1805,1827,1816.0,316.0,23,4,273
green_mask2,863.5,160,1797,1820,1808.5,374.0,24,4,90
green_mask2,863.5,160,1103,1139,1121.0,741.5,37,3,76
green_mask,684.0,151,93,124,108.5,313.0,32,6,310
green_mask,684.0,151,74,91,82.5,319.0,18,6,384
green_mask,684.0,151,85,103,94.0,343.5,19,5,113
green_mask,684.0,151,146,163,154.5,351.5,18,5,80
green_mask,684.0,151,1865,1881,1873.0,453.0,17,6,140
green_mask,684.5,151,1891,1912,1901.5,310.0,22,4,203
green_mask,685.5,151,692,712,702.0,247.0,21,4,223
green_mask,686.0,151,765,853,809.0,348.5,89,3,83
green_mask,686.5,151,761,779,770.0,278.0,19,6,180
green_mask,686.5,151,820,851,835.5,321.5,32,3,221
green_mask,687.0,151,803,818,810.5,321.0,16,4,77
green_mask,687.0,151,865,880,872.5,323.0,16,6,242
green_mask,691.0,151,1824,1847,1835.5,295.0,24,6,145
green_mask,691.0,151,1798,1839,1818.5,316.5,42,5,267
green_mask,691.0,151,1752,1766,1759.0,320.0,15,4,273
green_mask,691.0,151,1780,1821,1800.5,325.5,42,5,192
green_mask,691.0,151,1778,1805,1791.5,377.0,28,6,228
green_mask,691.5,151,1746,1763,1754.5,323.0,18,6,229
green_mask,696.0,151,1906,1919,1912.5,263.5,14,3,114
green_mask,699.5,152,564,580,572.0,159.0,17,6,262
green_mask,700.0,152,381,413,397.0,107.0,33,6,107
green_mask,700.0,152,313,369,341.0,154.0,57,4,289
green_mask,700.0,152,298,311,304.5,157.5,14,5,262
green_mask,700.5,152,288,323,305.5,96.5,36,5,251
green_mask,700.5,152,370,392,381.0,98.0,23,4,266
green_mask,700.5,152,334,363,348.5,98.5,30,3,328
green_mask,701.0,152,344,386,365.0,63.5,43,3,373
green_mask,701.5,152,566,600,583.0,197.5,35,5,327
green_mask,701.5,152,571,602,586.5,209.0,32,6,454
green_mask,701.5,152,518,538,528.0,212.5,21,3,312
green_mask,701.5,152,616,629,622.5,254.0,14,4,495
green_mask,702.0,152,804,830,817.0,285.0,27,6,225
green_mask,702.0,152,857,881,869.0,347.5,25,3,85
green_mask,702.5,152,723,737,730.0,435.0,15,6,238
green_mask,703.0,152,585,600,592.5,469.0,16,4,392
green_mask,703.0,152,613,663,638.0,469.0,51,4,242
green_mask,704.5,152,105,138,121.5,217.5,34,3,183
green_mask,704.5,152,1743,1769,1756.0,308.0,27,4,201
green_mask,704.5,152,60,115,87.5,347.5,56,5,91
green_mask,704.5,152,70,116,93.0,357.5,47,3,149
green_mask,704.5,152,130,147,138.5,365.5,18,3,352
green_mask,704.5,152,58,71,64.5,373.5,14,3,139
green_mask,704.5,152,56,70,63.0,380.0,15,4,113
green_mask,709.5,152,1093,1116,1104.5,425.0,24,4,291
green_mask,716.0,153,433,447,440.0,111.0,15,4,139
green_mask,716.0,153,1900,1919,1909.5,282.0,20,4,126
green_mask,716.5,153,1865,1884,1874.5,269.0,20,6,118
green_mask,716.5,153,1906,1919,1912.5,289.0,14,6,135
green_mask,716.5,153,1784,1812,1798.0,307.5,29,3,202
green_mask,719.5,153,1402,1468,1435.0,350.0,67,4,104
green_mask,721.0,153,1522,1537,1529.5,264.0,16,4,92
green_mask,721.5,153,1672,1687,1679.5,275.0,16,6,82
green_mask,730.5,154,1700,1718,1709.0,318.5,19,3,100
green_mask,730.5,154,1662,1678,1670.0,381.5,17,3,135
green_mask,732.5,154,1294,1307,1300.5,159.5,14,5,75
green_mask,734.0,154,1294,1307,1300.5,154.0,14,4,75
green_mask,745.5,155,1842,1861,1851.5,286.5,20,3,130
green_mask,745.5,155,1760,1775,1767.5,317.5,16,3,279
green_mask,745.5,155,1854,1875,1864.5,376.5,22,3,104
green_mask,746.0,155,314,329,321.5,125.0,16,6,93
green_mask,750.5,155,1266,1281,1273.5,90.5,16,5,109
green_mask,757.5,155,1232,1246,1239.0,91.0,15,4,111
green_mask,758.5,155,1256,1271,1263.5,74.5,16,3,125
green_mask,763.0,156,1050,1068,1059.0,668.5,19,5,187
green_mask,765.0,156,1187,1213,1200.0,794.0,27,4,170
green_mask,767.0,156,1383,1413,1398.0,605.0,31,6,482
green_mask,767.0,156,1375,1412,1393.5,622.0,38,4,239
green_mask,767.0,156,1388,1455,1421.5,642.5,68,3,424
green_mask,767.0,156,1344,1432,1388.0,660.5,89,3,82
green_mask,788.0,157,732,745,738.5,341.0,14,6,352
green_mask,789.5,157,1113,1126,1119.5,312.5,14,3,93
green_mask,790.0,157,1051,1080,1065.5,292.0,30,4,112
green_mask,794.0,157,1252,1271,1261.5,74.5,20,5,99
green_mask,794.0,157,1268,1281,1274.5,93.0,14,6,94
green_mask,797.5,157,309,329,319.0,62.5,21,5,101
green_mask,801.5,158,1073,1108,1090.5,788.0,36,4,164
green_mask,801.5,158,1130,1151,1140.5,790.5,22,5,89
green_mask,820.0,159,1354,1373,1363.5,530.5,20,3,532
green_mask,820.5,159,1688,1704,1696.0,378.0,17,4,167
green_mask,821.0,159,1864,1877,1870.5,270.0,14,4,120
green_mask,822.0,159,1841,1858,1849.5,288.5,18,3,134
green_mask,822.0,159,1806,1828,1817.0,320.0,23,6,267
green_mask,823.0,159,1906,1919,1912.5,271.0,14,4,120
green_mask,823.5,159,1862,1883,1872.5,284.0,22,4,128
green_mask,824.0,159,1905,1919,1912.0,270.0,15,4,122
green_mask,824.5,159,1902,1917,1909.5,282.0,16,4,125
green_mask,824.5,159,1858,1883,1870.5,290.5,26,5,136
green_mask,825.0,159,642,655,648.5,213.0,14,4,96
green_mask,825.0,159,1850,1864,1857.0,283.0,15,6,128
green_mask,825.0,159,1888,1909,1898.5,314.5,22,3,219
green_mask,825.0,159,1466,1479,1472.5,617.5,14,3,106
green_mask,825.5,159,1878,1894,1886.0,275.5,17,3,125
green_mask,827.5,159,1638,1656,1647.0,380.5,19,3,91
green_mask,827.5,159,1672,1701,1686.5,390.5,30,3,123
green_mask,828.5,159,1846,1919,1882.5,310.5,74,3,215
green_mask,829.5,159,1886,1901,1893.5,286.0,16,4,130
green_mask,829.5,159,1874,1919,1896.5,316.5,46,3,210
green_mask,830.0,159,1742,1756,1749.0,313.0,15,6,228
green_mask,830.0,159,1712,1732,1722.0,317.5,21,3,142
green_mask,830.0,159,1731,1790,1760.5,375.5,60,3,143
green_mask,830.0,159,1743,1780,1761.5,385.0,38,4,342
green_mask,830.5,159,1744,1765,1754.5,311.0,22,6,225
green_mask,830.5,159,1732,1748,1740.0,375.5,17,3,142
green_mask,830.5,159,1722,1735,1728.5,385.0,14,6,288
green_mask,830.5,159,1743,1774,1758.5,386.5,32,3,330
green_mask,830.5,159,1777,1848,1812.5,386.5,72,3,303
green_mask,831.5,159,1876,1891,1883.5,263.5,16,5,116
green_mask,831.5,159,1887,1914,1900.5,270.5,28,5,121
green_mask,831.5,159,1852,1874,1863.0,290.5,23,3,134
green_mask,831.5,159,1855,1869,1862.0,313.5,15,3,223
green_mask,831.5,159,1826,1842,1834.0,314.0,17,6,231
green_mask,832.0,159,1820,1834,1827.0,299.5,15,3,160
green_mask,832.0,159,1888,1919,1903.5,304.0,32,4,179
green_mask,832.0,159,1891,1913,1902.0,316.5,23,3,187
green_mask,832.0,159,1168,1183,1175.5,705.5,16,3,189
green_mask,832.5,159,1879,1893,1886.0,274.5,15,3,123
green_mask,832.5,159,994,1007,1000.5,302.5,14,3,156
green_mask,832.5,159,1846,1898,1872.0,309.0,53,6,205
green_mask,832.5,159,1899,1917,1908.0,316.0,19,4,160
green_mask,837.5,159,1738,1753,1745.5,318.0,16,4,256
green_mask,837.5,159,1637,1659,1648.0,387.5,23,5,71
green_mask,837.5,159,1800,1863,1831.5,387.5,64,3,250
green_mask,838.0,159,1670,1694,1682.0,383.0,25,6,159
green_mask,838.5,159,781,797,789.0,665.5,17,3,91
green_mask,844.5,160,1722,1739,1730.5,379.5,18,3,241
green_mask,845.0,160,1769,1807,1788.0,310.5,39,3,216
green_mask,845.0,160,1802,1820,1811.0,382.5,19,5,316
green_mask,845.5,160,1799,1866,1832.5,376.5,68,5,145
green_mask,845.5,160,1768,1788,1778.0,379.0,21,4,295
green_mask,845.5,160,1899,1919,1909.0,389.0,21,6,90
green_mask,845.5,160,1672,1686,1679.0,420.5,15,3,136
green_mask,846.0,160,1819,1839,1829.0,377.5,21,3,163
green_mask,855.5,160,1734,1784,1759.0,307.0,51,6,194
green_mask,856.0,160,1808,1828,1818.0,379.0,21,6,252
green_mask,858.5,160,1808,1831,1819.5,302.5,24,3,172
green_mask,859.0,160,1879,1899,1889.0,264.0,21,4,118
green_mask,859.0,160,1768,1790,1779.0,309.0,23,4,212
green_mask,859.0,160,1748,1772,1760.0,320.0,25,4,276
green_mask,862.5,160,1808,1831,1819.5,380.0,24,4,310
green_mask,863.0,160,1798,1820,1809.0,380.5,23,5,328
green_mask,863.0,160,1781,1802,1791.5,388.0,22,6,316
green_mask,863.0,160,1815,1897,1856.0,388.0,83,6,206
green_mask,863.5,160,1806,1824,1815.0,315.5,19,3,253
green_mask,863.5,160,1117,1137,1127.0,743.0,21,6,121
