record,display_name,stratum,level_min,level_max,bio_record,bio_archives,life_equation,base_life_at_level_min,base_life_at_level_max,own_life_modifier_pct,own_life_flat,tree_life_modifier_pct,total_declared_life_mod_pct,life_at_level_min,life_at_level_max,baton_life_modifier_pct_min,baton_life_modifier_pct_max,life_run_scaled_at_level_min,defensive_ability_at_level_min,offensive_ability_at_level_min,armor_passives,resist_passives,life_grade,ehp_wave_scaled
records/creatures/enemies/boss&quest/aetherial_enclave_sideboss01.dbr,Dreven Cole,boss&quest,109,109,records/creatures/enemies/bios/bio_boss_aetherialroguelike_vanaldritch_01.dbr,base|sm_mod,((charLevel*46)^1.5)+10000,365039,365039,0.0,0.0,169.0,169.0,981956,981956,330.0,330.0,4222410,791,863,armorbase05,resists_heroboss,MEASURED,NOT-DERIVED (A6 scope: Crucible wave ladder + mitigation)
records/creatures/enemies/boss&quest/aetherial_enclave_sideboss02.dbr,Cyrian Marcan,boss&quest,109,109,records/creatures/enemies/bios/bio_boss_aetherialroguelike_reanimator_01.dbr,base|sm_mod,((charLevel*42)^1.5)+5000,314752,314752,0.0,0.0,169.0,169.0,846682,846682,330.0,330.0,3640733,791,863,armorbase05,resists_heroboss,MEASURED,NOT-DERIVED (A6 scope: Crucible wave ladder + mitigation)
records/creatures/enemies/boss&quest/aetherial_guardian02.dbr,"Rodalgar, the Flesh Collector",boss&quest,109,109,records/creatures/enemies/bios/bio_boss_aetherial_factoryguardian_02.dbr,gdx1|sm1,((charLevel*30)^1.5)+500,187491,187491,0.0,0.0,169.0,169.0,504352,504352,342.0,342.0,2229235,737,863,armorbase05,resists_heroboss,MEASURED,NOT-DERIVED (A6 scope: Crucible wave ladder + mitigation)
records/creatures/enemies/boss&quest/aetherialbloater_malmouthdocks_01.dbr,Blugrug the Living Plague,boss&quest,109,109,records/creatures/enemies/bios/bio_boss_aetherialbloater_malmouthdocks_01.dbr,gdx2|sm2,((charLevel*30)^1.5)+500,187491,187491,0.0,0.0,169.0,169.0,504352,504352,318.0,318.0,2108191,737,863,armorbase05,resists_heroboss,MEASURED,NOT-DERIVED (A6 scope: Crucible wave ladder + mitigation)
records/creatures/enemies/boss&quest/aetherialcommander_01.dbr,Commander Lucius,boss&quest,106,106,records/creatures/enemies/bios/bio_boss_possessedcommander_01.dbr,base|sm_mod,((charLevel*33)^1.5)+300,207185,207185,0.0,0.0,169.0,169.0,557329,557329,336.0,336.0,2429952,739,842,armorbase05,resists_heroboss,MEASURED,NOT-DERIVED (A6 scope: Crucible wave ladder + mitigation)
records/creatures/enemies/boss&quest/aetherialcorruption_intro.dbr,"Dralgar, the Keeper of Burrwitch",boss&quest,109,109,records/creatures/enemies/bios/bio_boss_aetherial_intro.dbr,gdx1|sm1,((charLevel*24)^1.5)+500,134300,134300,0.0,0.0,169.0,169.0,361267,361267,314.0,314.0,1495647,737,863,armorbase05,resists_heroboss,MEASURED,NOT-DERIVED (A6 scope: Crucible wave ladder + mitigation)
records/creatures/enemies/boss&quest/basilisk_witchritual.dbr,Stone Basilisk,boss&quest,109,109,records/creatures/enemies/bios/bio_boss_basilisk_witchritual01.dbr,gdx1|sm1,((charLevel*30)^1.5)+500,187491,187491,0.0,0.0,169.0,169.0,504352,504352,316.0,316.0,2098104,737,863,armorbase05,resists_heroboss,MEASURED,NOT-DERIVED (A6 scope: Crucible wave ladder + mitigation)
records/creatures/enemies/boss&quest/chthonian_chthonicroguelike_02.dbr,"Shar'Zul, Harbinger of Chaos",boss&quest,106,106,records/creatures/enemies/bios/bio_boss_bastionofchaos_chthoniandreadguard_01.dbr,base|sm_mod,((charLevel*33)^1.5)+300,207185,207185,0.0,0.0,169.0,169.0,557329,557329,336.0,336.0,2429952,760,842,armorbase05,resists_heroboss,MEASURED,NOT-DERIVED (A6 scope: Crucible wave ladder + mitigation)
records/creatures/enemies/boss&quest/chthonianrylok_gabalthunn.dbr,"Gabal'Thunn, the Visage of Madness",boss&quest,106,106,records/creatures/enemies/bios/bio_boss_chthonian_gabalthunn.dbr,gdx1|sm1,((charLevel*30)^1.5)+500,179825,179825,0.0,0.0,169.0,169.0,483729,483729,312.0,312.0,1992964,718,842,armorbase05,resists_heroboss,MEASURED,NOT-DERIVED (A6 scope: Crucible wave ladder + mitigation)
records/creatures/enemies/boss&quest/chthonianservitor_lunalvalgoth.dbr,"Lunal'Valgoth, Steward of Darkness",boss&quest,106,106,records/creatures/enemies/bios/bio_boss_chthonian_lunalvalgoth.dbr,gdx1|sm1,((charLevel*30)^1.5)+500,179825,179825,0.0,0.0,169.0,169.0,483729,483729,322.0,322.0,2041337,718,842,armorbase05,resists_heroboss,MEASURED,NOT-DERIVED (A6 scope: Crucible wave ladder + mitigation)
records/creatures/enemies/boss&quest/cultist_cultleader_01.dbr,Bloodlord Thalonis,boss&quest,106,106,records/creatures/enemies/bios/bio_boss_cultistleader_01.dbr,base|sm_mod,((charLevel*32)^1.5)+100,197653,197653,0.0,0.0,169.0,169.0,531687,531687,312.0,312.0,2190549,760,842,armorbase05,resists_heroboss,MEASURED,NOT-DERIVED (A6 scope: Crucible wave ladder + mitigation)
records/creatures/enemies/boss&quest/cultist_summoner_01.dbr,"Karroz, Sigil of Ch'thon",boss&quest,106,106,records/creatures/enemies/bios/bio_boss_chthonianabomination_01.dbr,base|sm_mod,((charLevel*22)^1.5)+100,112714,112714,0.0,0.0,169.0,169.0,303201,303201,338.0,338.0,1328020,739,842,armorbase05,resists_heroboss,MEASURED,NOT-DERIVED (A6 scope: Crucible wave ladder + mitigation)
records/creatures/enemies/boss&quest/dermapteran_madqueen.dbr,"Rashalga, the Mad Queen",boss&quest,109,109,records/creatures/enemies/bios/bio_boss_nemesis_01.dbr,base|sm_mod,((charLevel*42)^1.5)+20000,329752,329752,0.0,0.0,169.0,169.0,887032,887032,328.0,328.0,3796497,747,885,armorbase05,resists_heroboss,MEASURED,NOT-DERIVED (A6 scope: Crucible wave ladder + mitigation)
records/creatures/enemies/boss&quest/dravis.dbr,"Dravis, Son of Uroboruuk",boss&quest,109,109,records/creatures/enemies/bios/bio_boss_dravis.dbr,gdx2|sm2,((charLevel*30)^1.5)+500,187491,187491,0.0,0.0,169.0,169.0,504352,504352,342.0,342.0,2229235,737,863,armorbase05,resists_heroboss,MEASURED,NOT-DERIVED (A6 scope: Crucible wave ladder + mitigation)
records/creatures/enemies/boss&quest/eldritcharmor_dreegmindreaper_01.dbr,"Ishtal, the Mind Reaper",boss&quest,109,109,records/creatures/enemies/bios/bio_boss_mindreaper_01.dbr,gdx2|sm2,((charLevel*30)^1.5)+500,187491,187491,0.0,0.0,169.0,169.0,504352,504352,314.0,314.0,2088017,737,863,armorbase05,resists_heroboss,MEASURED,NOT-DERIVED (A6 scope: Crucible wave ladder + mitigation)
records/creatures/enemies/boss&quest/ghost_stepsoftorment_01.dbr,"Alkamos, Lord Executioner",boss&quest,106,106,records/creatures/enemies/bios/bio_boss_stepsoftorment_ghost_01.dbr,base|sm_mod,((charLevel*33)^1.5)+300,207185,207185,0.0,0.0,169.0,169.0,557329,557329,336.0,336.0,2429952,771,842,armorbase05,resists_heroboss,MEASURED,NOT-DERIVED (A6 scope: Crucible wave ladder + mitigation)
records/creatures/enemies/boss&quest/giant_tempesttotem_02.dbr,Tempest Spawn,boss&quest,109,109,records/creatures/enemies/bios/bio_boss_gianttotem_01.dbr,gdx3|sm3,((charLevel*30)^1.5)+500,187491,187491,0.0,0.0,169.0,169.0,504352,504352,342.0,342.0,2229235,737,863,armorbase05,resists_heroboss,MEASURED,NOT-DERIVED (A6 scope: Crucible wave ladder + mitigation)
records/creatures/enemies/boss&quest/giant_tempesttotem_06.dbr,Tempest Spawn,boss&quest,109,109,records/creatures/enemies/bios/bio_boss_gianttotem_01.dbr,gdx3|sm3,((charLevel*30)^1.5)+500,187491,187491,0.0,0.0,169.0,169.0,504352,504352,342.0,342.0,2229235,737,863,armorbase05,resists_heroboss,MEASURED,NOT-DERIVED (A6 scope: Crucible wave ladder + mitigation)
records/creatures/enemies/boss&quest/human_chthonickurn_shaman_01.dbr,Yurra Voideye,boss&quest,109,109,records/creatures/enemies/bios/bio_boss_chthonicoracle_01.dbr,gdx3|sm3,((charLevel*33)^1.5)+500,216230,216230,0.0,0.0,169.0,169.0,581659,581659,316.0,316.0,2419701,737,863,armorbase05,resists_heroboss,MEASURED,NOT-DERIVED (A6 scope: Crucible wave ladder + mitigation)
records/creatures/enemies/boss&quest/humanascendant_terrnox.dbr,Terrnox,boss&quest,106,106,records/creatures/enemies/bios/bio_boss_humanascendant_terrnox.dbr,gdx1|sm1,((charLevel*25)^1.5)+500,136917,136917,0.0,0.0,169.0,169.0,368307,368307,332.0,332.0,1591086,718,842,armorbase05,resists_heroboss,MEASURED,NOT-DERIVED (A6 scope: Crucible wave ladder + mitigation)
records/creatures/enemies/boss&quest/humanwendigo_darkwood_01.dbr,Avris Marrowill,boss&quest,109,109,records/creatures/enemies/bios/bio_boss_humanwendigo_darkwood.dbr,gdx1|sm1,((charLevel*25)^1.5)+500,142749,142749,0.0,0.0,169.0,169.0,383995,383995,322.0,322.0,1620460,737,863,armorbase05,resists_heroboss,MEASURED,NOT-DERIVED (A6 scope: Crucible wave ladder + mitigation)
records/creatures/enemies/boss&quest/korvaak_lieutenant_03.dbr,Astros the Sunherald,boss&quest,109,109,records/creatures/enemies/bios/bio_boss_korvaakchosen_sunspire_01.dbr,gdx2|sm2,((charLevel*30)^1.5)+500,187491,187491,0.0,0.0,169.0,169.0,504352,504352,332.0,332.0,2178800,737,863,armorbase05,resists_heroboss,MEASURED,NOT-DERIVED (A6 scope: Crucible wave ladder + mitigation)
records/creatures/enemies/boss&quest/korvaakfinal_02.dbr,"Manifestation of Korvaak, the Eldritch Sun",boss&quest,109,109,records/creatures/enemies/bios/bio_boss_korvaakfinal_02.dbr,gdx2|sm2,((charLevel*33)^1.5)+500,216230,216230,0.0,0.0,169.0,169.0,581659,581659,342.0,342.0,2570932,704,863,armorbase05,resists_heroboss,MEASURED,NOT-DERIVED (A6 scope: Crucible wave ladder + mitigation)
records/creatures/enemies/boss&quest/korvaakmessenger_02b.dbr,"Okaloth ~ ""The Messenger""",boss&quest,109,109,records/creatures/enemies/bios/bio_boss_themessenger.dbr,gdx2|sm2,((charLevel*33)^1.5)+500,216230,216230,0.0,0.0,169.0,169.0,581659,581659,322.0,322.0,2454600,813,950,armorbase05,resists_heroboss,MEASURED,NOT-DERIVED (A6 scope: Crucible wave ladder + mitigation)
records/creatures/enemies/boss&quest/skeletalgolem_stepsoftorment_01.dbr,"Ilgorr, the Eternal",boss&quest,106,106,records/creatures/enemies/bios/bio_boss_stepsoftorment_golem_phase01.dbr,base|sm_mod,((charLevel*21)^1.5)+80,105104,105104,0.0,0.0,169.0,169.0,282729,282729,322.0,322.0,1193117,739,842,armorbase05,resists_heroboss,MEASURED,NOT-DERIVED (A6 scope: Crucible wave ladder + mitigation)
records/creatures/enemies/boss&quest/statue_korvaaktombguardian.dbr,The Steward,boss&quest,108,108,records/creatures/enemies/bios/bio_boss_tombguardian.dbr,gdx2|sm2,((charLevel*33)^1.5)+500,213268,213268,0.0,0.0,169.0,169.0,573691,573691,324.0,324.0,2432451,730,856,armorbase05,resists_heroboss,MEASURED,NOT-DERIVED (A6 scope: Crucible wave ladder + mitigation)
records/creatures/enemies/boss&quest/swampcrab_ugdenbog_01.dbr,Carraxus Foul,boss&quest,106,106,records/creatures/enemies/bios/bio_boss_swampcrab_darkwood01.dbr,gdx1|sm1,((charLevel*33)^1.5)+500,207385,207385,0.0,0.0,169.0,169.0,557867,557867,308.0,308.0,2276096,718,842,armorbase05,resists_heroboss,MEASURED,NOT-DERIVED (A6 scope: Crucible wave ladder + mitigation)
records/creatures/enemies/boss&quest/swampgolem_bargoll.dbr,"Bargoll, the Mouldering Mound",boss&quest,106,106,records/creatures/enemies/bios/bio_boss_swampgolem_bargoll.dbr,gdx1|sm1,((charLevel*33)^1.5)+500,207385,207385,0.0,0.0,169.0,169.0,557867,557867,334.0,334.0,2421141,718,842,armorbase05,resists_heroboss,MEASURED,NOT-DERIVED (A6 scope: Crucible wave ladder + mitigation)
records/creatures/enemies/boss&quest/theoutcast_03.dbr,"Anasteria, Wrath of the Aether",boss&quest,109,109,records/creatures/enemies/bios/bio_boss_theoutcast_03.dbr,base|sm_mod,((charLevel*38)^1.5)+2000,268572,268572,0.0,0.0,169.0,169.0,722460,722460,342.0,342.0,3193272,758,863,armorbase05,resists_heroboss,MEASURED,NOT-DERIVED (A6 scope: Crucible wave ladder + mitigation)
records/creatures/enemies/boss&quest/wendigo_ancient_namadea.dbr,"Namadea, the Screecher",boss&quest,106,106,records/creatures/enemies/bios/bio_boss_wendigo_ancient.dbr,gdx1|sm1,((charLevel*30)^1.5)+500,179825,179825,0.0,0.0,169.0,169.0,483729,483729,334.0,334.0,2099384,718,842,armorbase05,resists_heroboss,MEASURED,NOT-DERIVED (A6 scope: Crucible wave ladder + mitigation)
records/creatures/enemies/boss&quest/wendigo_turned_yuvoll.dbr,Yuvolloth,boss&quest,109,109,records/creatures/enemies/bios/bio_boss_wendigo_turned.dbr,gdx1|sm1,((charLevel*42)^1.5)+500,310252,310252,0.0,0.0,169.0,169.0,834577,834577,328.0,328.0,3571990,737,863,armorbase05,resists_heroboss,MEASURED,NOT-DERIVED (A6 scope: Crucible wave ladder + mitigation)
records/creatures/enemies/boss&quest/witch_janaxia.dbr,"Janaxia, the Betrayer",boss&quest,109,109,records/creatures/enemies/bios/bio_boss_witch_jaanxia.dbr,gdx1|sm1,((charLevel*30)^1.5)+500,187491,187491,0.0,0.0,169.0,169.0,504352,504352,316.0,316.0,2098104,737,863,armorbase05,resists_heroboss,MEASURED,NOT-DERIVED (A6 scope: Crucible wave ladder + mitigation)
records/creatures/enemies/boss&quest/witchgod_finalboss.dbr,The Sentinel,boss&quest,109,109,records/creatures/enemies/bios/bio_boss_witchgodguardian_temple.dbr,base|sm_mod,((charLevel*30)^1.5)+100,187091,187091,0.0,0.0,169.0,169.0,503276,503276,322.0,322.0,2123824,791,863,armorbase05,resists_heroboss,MEASURED,NOT-DERIVED (A6 scope: Crucible wave ladder + mitigation)
records/creatures/enemies/bounties/cu_bounty04.dbr,Vanoxxis Bile,bounties,107,107,records/creatures/enemies/bios/bio_hero_standard_extrahealth01.dbr,base|sm_mod,((charLevel*13)^1.50)+20,51899,51899,0.0,0.0,169.0,169.0,139608,139608,310.0,310.0,572393,743,841,armorbase04,resists_heroboss,MEASURED,NOT-DERIVED (A6 scope: Crucible wave ladder + mitigation)
records/creatures/enemies/bounties/cu_bounty07.dbr,Sllancar the Tainted,bounties,107,107,records/creatures/enemies/bios/bio_hero_standard_01.dbr,base|sm_mod,((charLevel*11)^1.50)-20,40360,40360,0.0,0.0,169.0,169.0,108568,108568,310.0,310.0,445129,743,841,armorbase03,resists_heroboss,MEASURED,NOT-DERIVED (A6 scope: Crucible wave ladder + mitigation)
records/creatures/enemies/bounties/cu_bounty08.dbr,Chillpincer,bounties,107,107,records/creatures/enemies/bios/bio_hero_standard_01.dbr,base|sm_mod,((charLevel*11)^1.50)-20,40360,40360,0.0,0.0,169.0,169.0,108568,108568,310.0,310.0,445129,743,841,armorbase03,resists_heroboss,MEASURED,NOT-DERIVED (A6 scope: Crucible wave ladder + mitigation)
records/creatures/enemies/bounties/cw_bounty04.dbr,Dar'Vagol the Mageclaw ~ Arcane,bounties,107,107,records/creatures/enemies/bios/bio_hero_standard_extrahealth01.dbr,base|sm_mod,((charLevel*13)^1.50)+20,51899,51899,0.0,0.0,169.0,169.0,139608,139608,338.0,338.0,611483,743,841,armorbase04,resists_heroboss,MEASURED,NOT-DERIVED (A6 scope: Crucible wave ladder + mitigation)
records/creatures/enemies/bounties/cw_bounty09.dbr,Yoknar ~ Vampiric,bounties,107,107,records/creatures/enemies/bios/bio_hero_regenerator_01.dbr,base|sm_mod,((charLevel*9)^1.50)-20,29864,29864,0.0,0.0,169.0,169.0,80334,80334,338.0,338.0,351864,743,841,armorbase04,resists_heroboss,MEASURED,NOT-DERIVED (A6 scope: Crucible wave ladder + mitigation)
records/creatures/enemies/bounties/odv_bounty07.dbr,Horvald Shieldbreaker,bounties,107,107,records/creatures/enemies/bios/bio_hero_standard_01.dbr,base|sm_mod,((charLevel*11)^1.50)-20,40360,40360,0.0,0.0,169.0,169.0,108568,108568,310.0,310.0,445129,743,841,armorbase03,resists_heroboss,MEASURED,NOT-DERIVED (A6 scope: Crucible wave ladder + mitigation)
records/creatures/enemies/bounties/pm_bounty06.dbr,Stormtitan ~ Electrified,bounties,107,107,records/creatures/enemies/bios/bio_hero_standard_extrahealth01.dbr,base|sm_mod,((charLevel*13)^1.50)+20,51899,51899,0.0,0.0,169.0,169.0,139608,139608,338.0,338.0,611483,743,841,armorbase04,resists_heroboss,MEASURED,NOT-DERIVED (A6 scope: Crucible wave ladder + mitigation)
records/creatures/enemies/bounties/ro_bounty11.dbr,Rixna Plaguefeather,bounties,107,107,records/creatures/enemies/bios/bio_hero_support_01.dbr,base|sm_mod,((charLevel*8)^1.50)-20,25024,25024,0.0,0.0,154.0,154.0,63562,63562,310.0,310.0,260604,743,841,armorbase02,resists_heroboss,MEASURED,NOT-DERIVED (A6 scope: Crucible wave ladder + mitigation)
records/creatures/enemies/bounties/ro_bounty19.dbr,Grum ~ Diseased,bounties,107,107,records/creatures/enemies/bios/bio_hero_standard_extrahealth01.dbr,base|sm_mod,((charLevel*13)^1.50)+20,51899,51899,0.0,0.0,169.0,169.0,139608,139608,310.0,310.0,572393,743,841,armorbase04,resists_heroboss,MEASURED,NOT-DERIVED (A6 scope: Crucible wave ladder + mitigation)
records/creatures/enemies/devotion/aetherialcolossus_h04.dbr,Speldrakus ~ Arcane,devotion,109,109,records/creatures/enemies/bios/bio_hero_standard_extrahealth01.dbr,base|sm_mod,((charLevel*13)^1.50)+20,53360,53360,0.0,0.0,169.0,169.0,143539,143539,328.0,328.0,614347,756,855,armorbase04,resists_heroboss,MEASURED,NOT-DERIVED (A6 scope: Crucible wave ladder + mitigation)
records/creatures/enemies/devotion/aetherialcorruption_h01.dbr,Chillian,devotion,109,109,records/creatures/enemies/bios/bio_hero_standard_01.dbr,base|sm_mod,((charLevel*11)^1.50)-20,41497,41497,0.0,0.0,169.0,169.0,111628,111628,338.0,338.0,488929,756,855,armorbase03,resists_heroboss,MEASURED,NOT-DERIVED (A6 scope: Crucible wave ladder + mitigation)
records/creatures/enemies/devotion/aetherialcorruption_h03.dbr,Peuglis ~ Diseased,devotion,109,109,records/creatures/enemies/bios/bio_hero_standard_01.dbr,base|sm_mod,((charLevel*11)^1.50)-20,41497,41497,0.0,0.0,169.0,169.0,111628,111628,338.0,338.0,488929,756,855,armorbase03,resists_heroboss,MEASURED,NOT-DERIVED (A6 scope: Crucible wave ladder + mitigation)
records/creatures/enemies/devotion/aetherialcorruption_h04.dbr,Tirendal ~ Timewarped,devotion,109,109,records/creatures/enemies/bios/bio_hero_standard_01.dbr,base|sm_mod,((charLevel*11)^1.50)-20,41497,41497,0.0,0.0,169.0,169.0,111628,111628,338.0,338.0,488929,756,855,armorbase03,resists_heroboss,MEASURED,NOT-DERIVED (A6 scope: Crucible wave ladder + mitigation)
records/creatures/enemies/devotion/chthonianherald_h04.dbr,Barl'Zoth ~ Thundering,devotion,109,109,records/creatures/enemies/bios/bio_hero_standard_extrahealth01.dbr,base|sm_mod,((charLevel*13)^1.50)+20,53360,53360,0.0,0.0,169.0,169.0,143539,143539,318.0,318.0,599993,756,855,armorbase04,resists_heroboss,MEASURED,NOT-DERIVED (A6 scope: Crucible wave ladder + mitigation)
records/creatures/enemies/devotion/chthonianservitor_h01.dbr,Ishthu'Gal the Dreadblood,devotion,109,109,records/creatures/enemies/bios/bio_hero_standard_01.dbr,base|sm_mod,((charLevel*11)^1.50)-20,41497,41497,0.0,0.0,169.0,169.0,111628,111628,328.0,328.0,477766,756,855,armorbase04,resists_heroboss,MEASURED,NOT-DERIVED (A6 scope: Crucible wave ladder + mitigation)
records/creatures/enemies/devotion/chthonianservitor_h02.dbr,Lank'Zuul the Torturer,devotion,109,109,records/creatures/enemies/bios/bio_hero_standard_01.dbr,base|sm_mod,((charLevel*11)^1.50)-20,41497,41497,0.0,0.0,169.0,169.0,111628,111628,340.0,340.0,491162,756,855,armorbase04,resists_heroboss,MEASURED,NOT-DERIVED (A6 scope: Crucible wave ladder + mitigation)
records/creatures/enemies/devotion/chthonianservitor_h03.dbr,Ukog'Dal ~ Electrified,devotion,109,109,records/creatures/enemies/bios/bio_hero_standard_01.dbr,base|sm_mod,((charLevel*11)^1.50)-20,41497,41497,0.0,0.0,169.0,169.0,111628,111628,340.0,340.0,491162,756,855,armorbase04,resists_heroboss,MEASURED,NOT-DERIVED (A6 scope: Crucible wave ladder + mitigation)
records/creatures/enemies/devotion/dranghoul_h02.dbr,Fariim ~ Bramble,devotion,109,109,records/creatures/enemies/bios/bio_hero_standard_01.dbr,base|sm_mod,((charLevel*11)^1.50)-20,41497,41497,100.0,0.0,169.0,269.0,153125,153125,318.0,318.0,640062,756,855,armorbase04,resists_heroboss,MEASURED,NOT-DERIVED (A6 scope: Crucible wave ladder + mitigation)
records/creatures/enemies/devotion/fleshhulk_h03.dbr,Kollus ~ Burning,devotion,107,107,records/creatures/enemies/bios/bio_hero_standard_extrahealth01.dbr,base|sm_mod,((charLevel*13)^1.50)+20,51899,51899,0.0,0.0,169.0,169.0,139608,139608,328.0,328.0,597522,743,841,armorbase04,resists_heroboss,MEASURED,NOT-DERIVED (A6 scope: Crucible wave ladder + mitigation)
records/creatures/enemies/devotion/ghost_h01.dbr,Odellia Lanos,devotion,107,107,records/creatures/enemies/bios/bio_hero_assassin_01.dbr,base|sm_mod,((charLevel*11)^1.50)-20,40360,40360,0.0,0.0,169.0,169.0,108568,108568,328.0,328.0,464671,743,841,armorbase03,resists_heroboss,MEASURED,NOT-DERIVED (A6 scope: Crucible wave ladder + mitigation)
records/creatures/enemies/devotion/ghost_h02.dbr,Marden Thal ~ Burning,devotion,107,107,records/creatures/enemies/bios/bio_hero_standard_01.dbr,base|sm_mod,((charLevel*11)^1.50)-20,40360,40360,0.0,0.0,169.0,169.0,108568,108568,328.0,328.0,464671,743,841,armorbase03,resists_heroboss,MEASURED,NOT-DERIVED (A6 scope: Crucible wave ladder + mitigation)
records/creatures/enemies/devotion/rhino_h02.dbr,Starhorn ~ Celestial,devotion,109,109,records/creatures/enemies/bios/bio_hero_standard_01.dbr,base|sm_mod,((charLevel*11)^1.50)-20,41497,41497,0.0,0.0,169.0,169.0,111628,111628,318.0,318.0,466604,756,855,armorbase04,resists_heroboss,MEASURED,NOT-DERIVED (A6 scope: Crucible wave ladder + mitigation)
records/creatures/enemies/devotion/skeleton_h06.dbr,Rimelord ~ Frozen,devotion,107,107,records/creatures/enemies/bios/bio_hero_standard_01.dbr,base|sm_mod,((charLevel*11)^1.50)-20,40360,40360,0.0,0.0,169.0,169.0,108568,108568,320.0,320.0,455986,743,841,armorbase04,resists_heroboss,MEASURED,NOT-DERIVED (A6 scope: Crucible wave ladder + mitigation)
records/creatures/enemies/devotion/skeleton_h08.dbr,Alladon the Flamewatcher,devotion,107,107,records/creatures/enemies/bios/bio_hero_standard_extrahealth01.dbr,base|sm_mod,((charLevel*13)^1.50)+20,51899,51899,0.0,0.0,169.0,169.0,139608,139608,320.0,320.0,586354,743,841,armorbase03,resists_heroboss,MEASURED,NOT-DERIVED (A6 scope: Crucible wave ladder + mitigation)
records/creatures/enemies/devotion/skeleton_h09.dbr,Elagorian Darkmarrow,devotion,107,107,records/creatures/enemies/bios/bio_hero_standard_01.dbr,base|sm_mod,((charLevel*11)^1.50)-20,40360,40360,0.0,0.0,169.0,169.0,108568,108568,320.0,320.0,455986,743,841,armorbase04,resists_heroboss,MEASURED,NOT-DERIVED (A6 scope: Crucible wave ladder + mitigation)
records/creatures/enemies/hero/aetherialcorruption_h01.dbr,Challdrus the Coldheart,hero,109,109,records/creatures/enemies/bios/bio_hero_standard_01.dbr,base|sm_mod,((charLevel*11)^1.50)-20,41497,41497,0.0,0.0,169.0,169.0,111628,111628,308.0,308.0,455441,756,855,armorbase03,resists_heroboss,MEASURED,NOT-DERIVED (A6 scope: Crucible wave ladder + mitigation)
records/creatures/enemies/hero/aetherialimp_h02.dbr,Phanolg the Iceborn,hero,109,109,records/creatures/enemies/bios/bio_hero_standard_01.dbr,base|sm_mod,((charLevel*11)^1.50)-20,41497,41497,0.0,0.0,169.0,169.0,111628,111628,318.0,318.0,466604,756,855,armorbase04,resists_heroboss,MEASURED,NOT-DERIVED (A6 scope: Crucible wave ladder + mitigation)
records/creatures/enemies/hero/aetherialimp_h03.dbr,Wourble ~ Reflective,hero,109,109,records/creatures/enemies/bios/bio_hero_standard_01.dbr,base|sm_mod,((charLevel*11)^1.50)-20,41497,41497,0.0,0.0,169.0,169.0,111628,111628,318.0,318.0,466604,756,855,armorbase04,resists_heroboss,MEASURED,NOT-DERIVED (A6 scope: Crucible wave ladder + mitigation)
records/creatures/enemies/hero/aetherialimp_h04.dbr,Ghalbar ~ Regenerator,hero,109,109,records/creatures/enemies/bios/bio_hero_standard_01.dbr,base|sm_mod,((charLevel*11)^1.50)-20,41497,41497,0.0,0.0,169.0,169.0,111628,111628,318.0,318.0,466604,756,855,armorbase04,resists_heroboss,MEASURED,NOT-DERIVED (A6 scope: Crucible wave ladder + mitigation)
records/creatures/enemies/hero/basilisk_h01.dbr,Stormslither,hero,107,107,records/creatures/enemies/bios/bio_hero_standard_01.dbr,base|sm_mod,((charLevel*11)^1.50)-20,40360,40360,0.0,0.0,169.0,169.0,108568,108568,308.0,330.0,442957,743,841,armorbase03,resists_heroboss,MEASURED,NOT-DERIVED (A6 scope: Crucible wave ladder + mitigation)
records/creatures/enemies/hero/basilisk_h02.dbr,Rotmouth,hero,107,107,records/creatures/enemies/bios/bio_hero_standard_01.dbr,base|sm_mod,((charLevel*11)^1.50)-20,40360,40360,0.0,0.0,169.0,169.0,108568,108568,308.0,330.0,442957,743,841,armorbase03,resists_heroboss,MEASURED,NOT-DERIVED (A6 scope: Crucible wave ladder + mitigation)
records/creatures/enemies/hero/basilisk_h03.dbr,Aregos ~ Corrupted,hero,107,107,records/creatures/enemies/bios/bio_hero_standard_01.dbr,base|sm_mod,((charLevel*11)^1.50)-20,40360,40360,0.0,0.0,169.0,169.0,108568,108568,308.0,308.0,442957,743,841,armorbase03,resists_heroboss,MEASURED,NOT-DERIVED (A6 scope: Crucible wave ladder + mitigation)
records/creatures/enemies/hero/gargoyle_h01.dbr,Hudsar ~ Frozen,hero,109,109,records/creatures/enemies/bios/bio_hero_standard_extrahealth01.dbr,base|sm_mod,((charLevel*13)^1.50)+20,53360,53360,0.0,0.0,169.0,169.0,143539,143539,340.0,340.0,631572,756,855,armorbase04,resists_heroboss,MEASURED,NOT-DERIVED (A6 scope: Crucible wave ladder + mitigation)
records/creatures/enemies/hero/gargoyle_h04.dbr,Xanatan ~ Electrified,hero,109,109,records/creatures/enemies/bios/bio_hero_standard_extrahealth01.dbr,base|sm_mod,((charLevel*13)^1.50)+20,53360,53360,0.0,0.0,169.0,169.0,143539,143539,340.0,340.0,631572,756,855,armorbase04,resists_heroboss,MEASURED,NOT-DERIVED (A6 scope: Crucible wave ladder + mitigation)
records/creatures/enemies/hero/gargoyle_h05.dbr,Spiron ~ Thundering,hero,109,109,records/creatures/enemies/bios/bio_hero_standard_extrahealth01.dbr,base|sm_mod,((charLevel*13)^1.50)+20,53360,53360,0.0,0.0,169.0,169.0,143539,143539,340.0,340.0,631572,756,855,armorbase04,resists_heroboss,MEASURED,NOT-DERIVED (A6 scope: Crucible wave ladder + mitigation)
records/creatures/enemies/hero/human_ascended_h02.dbr,Hagras Aetherflame,hero,109,109,records/creatures/enemies/bios/bio_hero_standard_01.dbr,base|sm_mod,((charLevel*11)^1.50)-20,41497,41497,0.0,0.0,169.0,169.0,111628,111628,326.0,326.0,475534,756,855,armorbase03,resists_heroboss,MEASURED,NOT-DERIVED (A6 scope: Crucible wave ladder + mitigation)
records/creatures/enemies/hero/human_ascended_h05.dbr,Numia Stormeater ~ Thundering,hero,109,109,records/creatures/enemies/bios/bio_hero_standard_01.dbr,base|sm_mod,((charLevel*11)^1.50)-20,41497,41497,0.0,0.0,169.0,169.0,111628,111628,326.0,326.0,475534,756,855,armorbase03,resists_heroboss,MEASURED,NOT-DERIVED (A6 scope: Crucible wave ladder + mitigation)
records/creatures/enemies/hero/hypporaven_h01.dbr,Covull ~ Swift,hero,109,109,records/creatures/enemies/bios/bio_hero_assassin_01.dbr,base|sm_mod,((charLevel*11)^1.50)-20,41497,41497,0.0,0.0,169.0,169.0,111628,111628,320.0,320.0,468836,756,855,armorbase04,resists_heroboss,MEASURED,NOT-DERIVED (A6 scope: Crucible wave ladder + mitigation)
records/creatures/enemies/hero/hypporaven_h03.dbr,Corvunox ~ Vampiric,hero,109,109,records/creatures/enemies/bios/bio_hero_standard_01.dbr,base|sm_mod,((charLevel*11)^1.50)-20,41497,41497,0.0,0.0,169.0,169.0,111628,111628,320.0,320.0,468836,756,855,armorbase04,resists_heroboss,MEASURED,NOT-DERIVED (A6 scope: Crucible wave ladder + mitigation)
records/creatures/enemies/hero/rhino_h01.dbr,Brimhorn ~ Bramble,hero,109,109,records/creatures/enemies/bios/bio_hero_standard_01.dbr,base|sm_mod,((charLevel*11)^1.50)-20,41497,41497,0.0,0.0,169.0,169.0,111628,111628,326.0,326.0,475534,756,855,armorbase04,resists_heroboss,MEASURED,NOT-DERIVED (A6 scope: Crucible wave ladder + mitigation)
records/creatures/enemies/hero/rhino_h02.dbr,Shadowhorn ~ Celestial,hero,109,109,records/creatures/enemies/bios/bio_hero_standard_01.dbr,base|sm_mod,((charLevel*11)^1.50)-20,41497,41497,0.0,0.0,169.0,169.0,111628,111628,326.0,326.0,475534,756,855,armorbase04,resists_heroboss,MEASURED,NOT-DERIVED (A6 scope: Crucible wave ladder + mitigation)
records/creatures/enemies/hero/rhino_h03.dbr,Blazehorn ~ Infernal,hero,109,109,records/creatures/enemies/bios/bio_hero_standard_01.dbr,base|sm_mod,((charLevel*11)^1.50)-20,41497,41497,0.0,0.0,169.0,169.0,111628,111628,326.0,326.0,475534,756,855,armorbase04,resists_heroboss,MEASURED,NOT-DERIVED (A6 scope: Crucible wave ladder + mitigation)
records/creatures/enemies/hero/springscrab_h01.dbr,Sparkmucker ~ Thundering,hero,109,109,records/creatures/enemies/bios/bio_hero_standard_01.dbr,base|sm_mod,((charLevel*11)^1.50)-20,41497,41497,0.0,0.0,169.0,169.0,111628,111628,308.0,308.0,455441,756,855,armorbase03,resists_heroboss,MEASURED,NOT-DERIVED (A6 scope: Crucible wave ladder + mitigation)
records/creatures/enemies/hero/springscrab_h02.dbr,Magecruncher ~ Arcane,hero,109,109,records/creatures/enemies/bios/bio_hero_standard_01.dbr,base|sm_mod,((charLevel*11)^1.50)-20,41497,41497,0.0,0.0,169.0,169.0,111628,111628,308.0,308.0,455441,756,855,armorbase03,resists_heroboss,MEASURED,NOT-DERIVED (A6 scope: Crucible wave ladder + mitigation)
records/creatures/enemies/hero/springscrab_h04.dbr,Muckclaw ~ Unstoppable,hero,109,109,records/creatures/enemies/bios/bio_hero_standard_01.dbr,base|sm_mod,((charLevel*11)^1.50)-20,41497,41497,0.0,0.0,169.0,169.0,111628,111628,308.0,308.0,455441,756,855,armorbase03,resists_heroboss,MEASURED,NOT-DERIVED (A6 scope: Crucible wave ladder + mitigation)
records/creatures/enemies/hero/swampgolem_h01.dbr,Ferrosius ~ Swift,hero,109,109,records/creatures/enemies/bios/bio_hero_standard_extrahealth01.dbr,base|sm_mod,((charLevel*13)^1.50)+20,53360,53360,0.0,0.0,169.0,169.0,143539,143539,306.0,306.0,582768,756,855,armorbase04,resists_heroboss,MEASURED,NOT-DERIVED (A6 scope: Crucible wave ladder + mitigation)
records/creatures/enemies/hero/swampgolem_h02.dbr,Titanius Steelskin ~ Defender,hero,109,109,records/creatures/enemies/bios/bio_hero_standard_01.dbr,base|sm_mod,((charLevel*11)^1.50)-20,41497,41497,0.0,0.0,169.0,169.0,111628,111628,306.0,306.0,453208,756,855,armorbase04,resists_heroboss,MEASURED,NOT-DERIVED (A6 scope: Crucible wave ladder + mitigation)
records/creatures/enemies/hero/swampgolem_h05.dbr,Frulgar ~ Infernal,hero,109,109,records/creatures/enemies/bios/bio_hero_standard_extrahealth01.dbr,base|sm_mod,((charLevel*13)^1.50)+20,53360,53360,0.0,0.0,169.0,169.0,143539,143539,306.0,306.0,582768,756,855,armorbase04,resists_heroboss,MEASURED,NOT-DERIVED (A6 scope: Crucible wave ladder + mitigation)
records/creatures/enemies/hero/viper_h02.dbr,Arashor,hero,109,109,records/creatures/enemies/bios/bio_hero_standard_01.dbr,base|sm_mod,((charLevel*11)^1.50)-20,41497,41497,0.0,0.0,169.0,169.0,111628,111628,330.0,330.0,479999,756,855,armorbase03,resists_heroboss,MEASURED,NOT-DERIVED (A6 scope: Crucible wave ladder + mitigation)
records/creatures/enemies/hero/viper_h04.dbr,Cespal ~ Arcane,hero,109,109,records/creatures/enemies/bios/bio_hero_standard_01.dbr,base|sm_mod,((charLevel*11)^1.50)-20,41497,41497,0.0,0.0,169.0,169.0,111628,111628,330.0,330.0,479999,756,855,armorbase03,resists_heroboss,MEASURED,NOT-DERIVED (A6 scope: Crucible wave ladder + mitigation)
records/creatures/enemies/hero/wendigo_h01.dbr,Vollarius ~ Arcane,hero,109,109,records/creatures/enemies/bios/bio_hero_standard_extrahealth01.dbr,base|sm_mod,((charLevel*13)^1.50)+20,53360,53360,0.0,0.0,169.0,169.0,143539,143539,306.0,306.0,582768,756,855,armorbase04,resists_heroboss,MEASURED,NOT-DERIVED (A6 scope: Crucible wave ladder + mitigation)
records/creatures/enemies/hero/wendigo_h04.dbr,Ravagrad ~ Unstoppable,hero,109,109,records/creatures/enemies/bios/bio_hero_standard_extrahealth01.dbr,base|sm_mod,((charLevel*13)^1.50)+20,53360,53360,0.0,0.0,169.0,169.0,143539,143539,306.0,306.0,582768,756,855,armorbase04,resists_heroboss,MEASURED,NOT-DERIVED (A6 scope: Crucible wave ladder + mitigation)
records/creatures/enemies/nemesis/nemesis_aetherial_01.dbr,"Valdaran, the Storm Scourge",nemesis,109,109,records/creatures/enemies/bios/bio_boss_nemesis_01.dbr,base|sm_mod,((charLevel*42)^1.5)+20000,329752,329752,0.0,0.0,169.0,169.0,887032,887032,334.0,334.0,3849719,747,885,armorbase05,resists_heroboss,MEASURED,NOT-DERIVED (A6 scope: Crucible wave ladder + mitigation)
records/creatures/enemies/nemesis/nemesis_aetherialvanguard_01.dbr,Archmage Aleksander,nemesis,109,109,records/creatures/enemies/bios/bio_boss_nemesis_01.dbr,base|sm_mod,((charLevel*42)^1.5)+20000,329752,329752,0.0,0.0,169.0,169.0,887032,887032,324.0,326.0,3761016,747,885,armorbase05,resists_heroboss,MEASURED,NOT-DERIVED (A6 scope: Crucible wave ladder + mitigation)
records/creatures/enemies/nemesis/nemesis_beast_01_p1.dbr,"Kubacabra, the Endless Menace",nemesis,109,109,records/creatures/enemies/bios/bio_boss_nemesis3phase_01.dbr,gdx1|sm1,((charLevel*36)^1.5)+16000,261807,261807,0.0,0.0,169.0,169.0,704260,704260,312.0,312.0,2901550,747,885,armorbase05,resists_heroboss,MEASURED,NOT-DERIVED (A6 scope: Crucible wave ladder + mitigation)
records/creatures/enemies/nemesis/nemesis_chthonianvoidborn_01.dbr,"Grava'Thul, the Voiddrinker",nemesis,109,109,records/creatures/enemies/bios/bio_boss_nemesis_01.dbr,base|sm_mod,((charLevel*42)^1.5)+20000,329752,329752,0.0,0.0,169.0,169.0,887032,887032,334.0,334.0,3849719,747,885,armorbase05,resists_heroboss,MEASURED,NOT-DERIVED (A6 scope: Crucible wave ladder + mitigation)
records/creatures/enemies/nemesis/nemesis_chthonickurn_01.dbr,"Nyarlathon, Herald of Annihilation",nemesis,109,109,records/creatures/enemies/bios/bio_boss_nemesis_01.dbr,base|sm_mod,((charLevel*42)^1.5)+20000,329752,329752,0.0,0.0,169.0,169.0,887032,887032,344.0,344.0,3938422,747,885,armorbase05,resists_heroboss,MEASURED,NOT-DERIVED (A6 scope: Crucible wave ladder + mitigation)
records/creatures/enemies/nemesis/nemesis_kymon_01.dbr,Curate Ignus,nemesis,109,109,records/creatures/enemies/bios/bio_boss_nemesis_01.dbr,base|sm_mod,((charLevel*42)^1.5)+20000,329752,329752,0.0,0.0,169.0,169.0,887032,887032,324.0,324.0,3761016,747,885,armorbase05,resists_heroboss,MEASURED,NOT-DERIVED (A6 scope: Crucible wave ladder + mitigation)
records/creatures/enemies/nemesis/nemesis_orderdeathsvigil_01.dbr,"Zantarin, the Immortal",nemesis,109,109,records/creatures/enemies/bios/bio_boss_nemesis_01.dbr,base|sm_mod,((charLevel*42)^1.5)+20000,329752,329752,0.0,0.0,169.0,169.0,887032,887032,344.0,344.0,3938422,747,885,armorbase05,resists_heroboss,MEASURED,NOT-DERIVED (A6 scope: Crucible wave ladder + mitigation)
records/creatures/enemies/nemesis/nemesis_outlaw_01.dbr,"Fabius ""the Unseen"" Gonzar",nemesis,109,109,records/creatures/enemies/bios/bio_boss_nemesis_01.dbr,base|sm_mod,((charLevel*42)^1.5)+20000,329752,329752,0.0,0.0,169.0,169.0,887032,887032,344.0,344.0,3938422,747,885,armorbase05,resists_heroboss,MEASURED,NOT-DERIVED (A6 scope: Crucible wave ladder + mitigation)
records/creatures/enemies/nemesis/nemesis_wendigo_01.dbr,Reaper of the Lost,nemesis,109,109,records/creatures/enemies/bios/bio_boss_nemesis_01.dbr,base|sm_mod,((charLevel*42)^1.5)+20000,329752,329752,0.0,0.0,169.0,169.0,887032,887032,324.0,344.0,3761016,747,885,armorbase05,resists_heroboss,MEASURED,NOT-DERIVED (A6 scope: Crucible wave ladder + mitigation)
records/creatures/enemies/aetherialbloater_b01.dbr,Aetherial Bileeater,trash,104,104,records/creatures/enemies/bios/bio_aetherialbloater_b01.dbr,gdx1,((charLevel*27)^1.33)+150,38731,38731,50.0,0.0,169.0,219.0,123550,123550,336.0,336.0,538680,571,736,armorbase04,,MEASURED,NOT-DERIVED (A6 scope: Crucible wave ladder + mitigation)
records/creatures/enemies/aetherialbloater_c01.dbr,Aetherial Regurgitator,trash,104,104,records/creatures/enemies/bios/bio_aetherialbloater_c01.dbr,gdx1,((charLevel*31)^1.33)+150,46512,46512,100.0,0.0,169.0,269.0,171631,171631,336.0,336.0,748309,581,803,armorbase04,,MEASURED,NOT-DERIVED (A6 scope: Crucible wave ladder + mitigation)
records/creatures/enemies/aetherialcolossus_a01.dbr,Aetherial Behemoth,trash,109,109,records/creatures/enemies/bios/bio_aetherialcolossus_a01.dbr,gdx1|sm1,((charLevel*15)^1.5)+100,66211,66211,0.0,0.0,169.0,169.0,178109,178109,332.0,332.0,769430,597,758,armorbase04,resists_convertconfusefear-30-50-75-500,MEASURED,NOT-DERIVED (A6 scope: Crucible wave ladder + mitigation)
records/creatures/enemies/aetherialcolossus_c02.dbr,Aetherial Stormbearer,trash,109,109,records/creatures/enemies/bios/bio_aetherialcolossus_c01.dbr,gdx1|sm1,((charLevel*20)^1.5)+200,101985,101985,100.0,0.0,169.0,269.0,376325,376325,332.0,332.0,1625726,597,798,armorbase04,resists_convertconfusefear-30-50-75-500,MEASURED,NOT-DERIVED (A6 scope: Crucible wave ladder + mitigation)
records/creatures/enemies/aetherialcorruption_a01.dbr,Fleshwarped Corruption,trash,102,102,records/creatures/enemies/bios/bio_aetherialcorruption_a01.dbr,gdx1,((charLevel*14)^1.33)+50,15746,15746,0.0,0.0,154.0,154.0,39995,39995,336.0,336.0,174377,428,637,armorbase02,,MEASURED,NOT-DERIVED (A6 scope: Crucible wave ladder + mitigation)
records/creatures/enemies/aetherialcorruption_b01.dbr,Fleshwarped Chilled One,trash,103,103,records/creatures/enemies/bios/bio_aetherialcorruption_b01.dbr,gdx1,((charLevel*20)^1.33)+50,25603,25603,0.0,0.0,169.0,169.0,68872,68872,316.0,332.0,286509,468,679,armorbase03,,MEASURED,NOT-DERIVED (A6 scope: Crucible wave ladder + mitigation)
records/creatures/enemies/aetherialcorruption_b02.dbr,Fleshwarped Stormwalker,trash,103,103,records/creatures/enemies/bios/bio_aetherialcorruption_b01.dbr,gdx1,((charLevel*20)^1.33)+50,25603,25603,0.0,0.0,169.0,169.0,68872,68872,332.0,332.0,297528,468,679,armorbase03,,MEASURED,NOT-DERIVED (A6 scope: Crucible wave ladder + mitigation)
records/creatures/enemies/aetherialcorruption_c01.dbr,Fleshwarped Aberration,trash,103,103,records/creatures/enemies/bios/bio_aetherialcorruption_c01.dbr,gdx1,((charLevel*28)^1.33)+50,40025,40025,0.0,0.0,169.0,169.0,107669,107669,314.0,314.0,445748,498,730,armorbase03,,MEASURED,NOT-DERIVED (A6 scope: Crucible wave ladder + mitigation)
records/creatures/enemies/avian_a01.dbr,Kaw'Hranaak Ruiner,trash,109,109,records/creatures/enemies/bios/bio_avian_a01.dbr,gdx3|sm3,((charLevel*11)^1.5)+100,41617,41617,0.0,0.0,169.0,169.0,111950,111950,326.0,326.0,476909,575,689,armorbase04,resists_convertconfusefear-30-50-75-500,MEASURED,NOT-DERIVED (A6 scope: Crucible wave ladder + mitigation)
records/creatures/enemies/avian_b01.dbr,Kaw'Hranaak Iconoclast,trash,109,109,records/creatures/enemies/bios/bio_avian_b01.dbr,gdx3|sm3,((charLevel*15)^1.5)+200,66311,66311,0.0,0.0,169.0,169.0,178378,178378,326.0,326.0,759889,597,769,armorbase04,resists_convertconfusefear-30-50-75-500,MEASURED,NOT-DERIVED (A6 scope: Crucible wave ladder + mitigation)
records/creatures/enemies/avian_c01.dbr,Kaw'Hranaak Despoiler,trash,109,109,records/creatures/enemies/bios/bio_avian_c01.dbr,gdx3|sm3,((charLevel*17)^1.5)+200,79965,79965,0.0,0.0,169.0,169.0,215106,215106,326.0,326.0,916353,607,838,armorbase04,resists_convertconfusefear-30-50-75-500,MEASURED,NOT-DERIVED (A6 scope: Crucible wave ladder + mitigation)
records/creatures/enemies/basilisk_a01.dbr,Juvenile Basilisk,trash,109,109,records/creatures/enemies/bios/bio_basilisk_a01.dbr,gdx1,((charLevel*9)^1.33)+20,9546,9546,0.0,0.0,154.0,154.0,24247,24247,332.0,332.0,104749,434,674,armorbase02,,MEASURED,NOT-DERIVED (A6 scope: Crucible wave ladder + mitigation)
records/creatures/enemies/basilisk_b01.dbr,Venomgaze Basilisk,trash,109,109,records/creatures/enemies/bios/bio_basilisk_b01.dbr,gdx1,((charLevel*18)^1.33)+45,23994,23994,0.0,0.0,169.0,169.0,64544,64544,332.0,332.0,278831,486,689,armorbase03,,MEASURED,NOT-DERIVED (A6 scope: Crucible wave ladder + mitigation)
records/creatures/enemies/basilisk_c01.dbr,Stonegaze Basilisk,trash,109,109,records/creatures/enemies/bios/bio_basilisk_c01.dbr,gdx1,((charLevel*24)^1.33)+60,35172,35172,0.0,0.0,169.0,169.0,94613,94613,332.0,332.0,408729,558,758,armorbase03,,MEASURED,NOT-DERIVED (A6 scope: Crucible wave ladder + mitigation)
records/creatures/enemies/chthoniandevourer_a01.dbr,Chthonian Hungerer,trash,102,102,records/creatures/enemies/bios/bio_chthoniandevourer_a01.dbr,base,((charLevel*6)^1.28)+15,3705,3705,0.0,0.0,154.0,154.0,9411,9411,318.0,340.0,39338,347,713,armorbase01,,MEASURED,NOT-DERIVED (A6 scope: Crucible wave ladder + mitigation)
records/creatures/enemies/chthoniandevourer_b01.dbr,Chthonian Devourer,trash,103,103,records/creatures/enemies/bios/bio_chthoniandevourer_b01.dbr,base,((charLevel*12)^1.28)+30,9104,9104,0.0,0.0,154.0,154.0,23123,23123,318.0,320.0,96656,427,775,armorbase02,,MEASURED,NOT-DERIVED (A6 scope: Crucible wave ladder + mitigation)
records/creatures/enemies/chthoniandevourer_b02.dbr,Chthonian Gorger,trash,103,103,records/creatures/enemies/bios/bio_chthoniandevourer_b01.dbr,base,((charLevel*12)^1.28)+30,9104,9104,0.0,0.0,154.0,154.0,23123,23123,320.0,320.0,97118,427,775,armorbase02,,MEASURED,NOT-DERIVED (A6 scope: Crucible wave ladder + mitigation)
records/creatures/enemies/chthonianherald_b01.dbr,Chthonian Portent,trash,109,109,records/creatures/enemies/bios/bio_chthonianherald_b01.dbr,gdx3,((charLevel*32)^1.33)+100,51579,51579,0.0,0.0,169.0,169.0,138746,138746,316.0,336.0,577185,575,816,armorbase04,resists_convertconfusefear-30-50-75-500,MEASURED,NOT-DERIVED (A6 scope: Crucible wave ladder + mitigation)
records/creatures/enemies/chthonianherald_c01.dbr,Chthonian Omen,trash,109,109,records/creatures/enemies/bios/bio_chthonianherald_c01.dbr,gdx3,((charLevel*34)^1.33)+100,55901,55901,0.0,0.0,169.0,169.0,150374,150374,316.0,336.0,625558,585,816,armorbase04,resists_convertconfusefear-30-50-75-500,MEASURED,NOT-DERIVED (A6 scope: Crucible wave ladder + mitigation)
records/creatures/enemies/chthonianrylok_a01.dbr,Void Rylok,trash,103,103,records/creatures/enemies/bios/bio_chthonianrylok_a01.dbr,gdx1,((charLevel*30)^1.33)+100,43917,43917,0.0,0.0,169.0,169.0,118137,118137,318.0,340.0,493814,519,668,armorbase03,resists_convertconfusefear-30-50-75-500,MEASURED,NOT-DERIVED (A6 scope: Crucible wave ladder + mitigation)
records/creatures/enemies/chthonianrylok_b01.dbr,Void Taskmaster,trash,104,104,records/creatures/enemies/bios/bio_chthonianrylok_b01.dbr,gdx1,((charLevel*36)^1.33)+100,56664,56664,0.0,0.0,169.0,169.0,152425,152425,318.0,340.0,637136,550,782,armorbase04,resists_convertconfusefear-30-50-75-500,MEASURED,NOT-DERIVED (A6 scope: Crucible wave ladder + mitigation)
records/creatures/enemies/chthonianrylok_c01.dbr,Void Oppressor,trash,105,105,records/creatures/enemies/bios/bio_chthonianrylok_c01.dbr,gdx1,((charLevel*38)^1.33)+100,61659,61659,0.0,0.0,169.0,169.0,165864,165864,318.0,340.0,693310,565,789,armorbase04,resists_convertconfusefear-30-50-75-500,MEASURED,NOT-DERIVED (A6 scope: Crucible wave ladder + mitigation)
records/creatures/enemies/chthonianwretch_a01.dbr,Voidlurker,trash,109,109,records/creatures/enemies/bios/bio_chthonicvoidfiend_01.dbr,base,((charLevel*9)^1.33)+50,9576,9576,0.0,0.0,154.0,154.0,24324,24324,336.0,336.0,106051,466,694,armorbase02,,MEASURED,NOT-DERIVED (A6 scope: Crucible wave ladder + mitigation)
records/creatures/enemies/chthonianwretch_b01.dbr,Voidlurker Blightbearer,trash,109,109,records/creatures/enemies/bios/bio_chthonicvoidfiend_01.dbr,base,((charLevel*9)^1.33)+50,9576,9576,0.0,0.0,154.0,154.0,24324,24324,316.0,336.0,101186,466,694,armorbase02,,MEASURED,NOT-DERIVED (A6 scope: Crucible wave ladder + mitigation)
records/creatures/enemies/chthonianwretch_c01.dbr,Voidlurker Pestilence,trash,109,109,records/creatures/enemies/bios/bio_chthonicvoidfiend_c01.dbr,base,((charLevel*16)^1.33)+80,20557,20557,0.0,0.0,154.0,154.0,52214,52214,316.0,336.0,217209,595,724,armorbase02,,MEASURED,NOT-DERIVED (A6 scope: Crucible wave ladder + mitigation)
records/creatures/enemies/dranghoul_a01.dbr,Dranghoul,trash,109,109,records/creatures/enemies/bios/bio_dranghoul_a01.dbr,gdx3,((charLevel*16)^1.33)+20,20497,20497,0.0,0.0,169.0,169.0,55136,55136,330.0,330.0,237084,510,689,armorbase03,,MEASURED,NOT-DERIVED (A6 scope: Crucible wave ladder + mitigation)
records/creatures/enemies/dranghoul_b02.dbr,Dranghoul Pyromancer,trash,109,109,records/creatures/enemies/bios/bio_dranghoul_b02.dbr,gdx3,((charLevel*21)^1.33)+40,29439,29439,100.0,0.0,169.0,269.0,108629,108629,330.0,330.0,467105,531,748,armorbase03,,MEASURED,NOT-DERIVED (A6 scope: Crucible wave ladder + mitigation)
records/creatures/enemies/dranghoul_c01.dbr,Dranghoul Butcher,trash,109,109,records/creatures/enemies/bios/bio_dranghoul_c01.dbr,gdx3,((charLevel*29)^1.33)+50,45211,45211,100.0,0.0,169.0,269.0,166830,166830,330.0,330.0,717368,585,801,armorbase04,,MEASURED,NOT-DERIVED (A6 scope: Crucible wave ladder + mitigation)
records/creatures/enemies/dranghoul_c02.dbr,Dranghoul Oracle,trash,109,109,records/creatures/enemies/bios/bio_dranghoul_c02.dbr,gdx3,((charLevel*29)^1.33)+50,45211,45211,100.0,0.0,169.0,269.0,166830,166830,330.0,330.0,717368,585,801,armorbase04,,MEASURED,NOT-DERIVED (A6 scope: Crucible wave ladder + mitigation)
records/creatures/enemies/eldritcharmor_a01.dbr,Possessed Armor,trash,109,109,records/creatures/enemies/bios/bio_eldritcharmor_a01.dbr,gdx2,((charLevel*11)^1.33)+30,12470,12470,0.0,0.0,154.0,154.0,31674,31674,312.0,312.0,130499,444,684,armorbase01,,MEASURED,NOT-DERIVED (A6 scope: Crucible wave ladder + mitigation)
records/creatures/enemies/eldritcharmor_a02.dbr,Possessed Armor,trash,109,109,records/creatures/enemies/bios/bio_eldritcharmor_a01.dbr,gdx2,((charLevel*11)^1.33)+30,12470,12470,0.0,0.0,154.0,154.0,31674,31674,338.0,338.0,138734,444,684,armorbase01,,MEASURED,NOT-DERIVED (A6 scope: Crucible wave ladder + mitigation)
records/creatures/enemies/eldritcharmor_b01.dbr,Eldritch Armor,trash,109,109,records/creatures/enemies/bios/bio_eldritcharmor_b01.dbr,gdx2,((charLevel*14)^1.33)+50,17195,17195,0.0,0.0,154.0,154.0,43674,43674,312.0,338.0,179938,502,714,armorbase02,,MEASURED,NOT-DERIVED (A6 scope: Crucible wave ladder + mitigation)
records/creatures/enemies/eldritcharmor_c01.dbr,Ancient Armor,trash,109,109,records/creatures/enemies/bios/bio_eldritcharmor_c01.dbr,gdx2,((charLevel*18)^1.33)+70,24019,24019,0.0,0.0,169.0,169.0,64611,64611,312.0,338.0,266199,557,823,armorbase03,,MEASURED,NOT-DERIVED (A6 scope: Crucible wave ladder + mitigation)
records/creatures/enemies/fleshhulk_c01.dbr,Rage Hulk,trash,105,105,records/creatures/enemies/bios/bio_fleshhulk_03.dbr,base,((charLevel*22)^1.5)+200,111224,111224,100.0,0.0,169.0,269.0,410418,410418,328.0,328.0,1756587,576,772,armorbase04,resists_convertconfusefear-30-50-75-500,MEASURED,NOT-DERIVED (A6 scope: Crucible wave ladder + mitigation)
records/creatures/enemies/ghost_a01.dbr,Apparition,trash,102,102,records/creatures/enemies/bios/bio_ghost_01.dbr,base,((charLevel*8)^1.33)+30,7487,7487,0.0,0.0,154.0,154.0,19016,19016,306.0,306.0,77206,375,642,armorbase01,,MEASURED,NOT-DERIVED (A6 scope: Crucible wave ladder + mitigation)
records/creatures/enemies/ghost_a02.dbr,Apparition,trash,102,102,records/creatures/enemies/bios/bio_ghost_01.dbr,base,((charLevel*8)^1.33)+30,7487,7487,0.0,0.0,154.0,154.0,19016,19016,306.0,306.0,77206,375,642,armorbase01,,MEASURED,NOT-DERIVED (A6 scope: Crucible wave ladder + mitigation)
records/creatures/enemies/ghost_b01.dbr,Haunted Noble,trash,103,103,records/creatures/enemies/bios/bio_ghost_02.dbr,base,((charLevel*14)^1.33)+40,15941,15941,0.0,0.0,154.0,154.0,40490,40490,306.0,306.0,164390,484,678,armorbase02,,MEASURED,NOT-DERIVED (A6 scope: Crucible wave ladder + mitigation)
records/creatures/enemies/ghost_b02.dbr,Haunted Noble,trash,103,103,records/creatures/enemies/bios/bio_ghost_02.dbr,base,((charLevel*14)^1.33)+40,15941,15941,0.0,0.0,154.0,154.0,40490,40490,306.0,306.0,164390,484,678,armorbase02,,MEASURED,NOT-DERIVED (A6 scope: Crucible wave ladder + mitigation)
records/creatures/enemies/ghost_b03.dbr,Haunted Champion,trash,103,103,records/creatures/enemies/bios/bio_ghost_02.dbr,base,((charLevel*14)^1.33)+40,15941,15941,0.0,0.0,169.0,169.0,42881,42881,306.0,306.0,174098,484,678,armorbase03,,MEASURED,NOT-DERIVED (A6 scope: Crucible wave ladder + mitigation)
records/creatures/enemies/ghost_b04.dbr,Haunted Champion,trash,104,104,records/creatures/enemies/bios/bio_ghost_02.dbr,base,((charLevel*14)^1.33)+40,16147,16147,0.0,0.0,169.0,169.0,43434,43434,306.0,306.0,176344,488,684,armorbase03,,MEASURED,NOT-DERIVED (A6 scope: Crucible wave ladder + mitigation)
records/creatures/enemies/giant_b01.dbr,Asterkarn Behemoth,trash,109,109,records/creatures/enemies/bios/bio_giant_b01.dbr,gdx3|sm3,((charLevel*15)^1.5)+200,66311,66311,0.0,0.0,169.0,169.0,178378,178378,310.0,310.0,731349,607,768,armorbase04,resists_convertconfusefear-30-50-75-500,MEASURED,NOT-DERIVED (A6 scope: Crucible wave ladder + mitigation)
records/creatures/enemies/giant_c01.dbr,Asterkarn Titan,trash,109,109,records/creatures/enemies/bios/bio_giant_c01.dbr,gdx3|sm3,((charLevel*17)^1.5)+200,79965,79965,0.0,0.0,169.0,169.0,215106,215106,310.0,310.0,881936,607,788,armorbase04,resists_convertconfusefear-30-50-75-500,MEASURED,NOT-DERIVED (A6 scope: Crucible wave ladder + mitigation)
records/creatures/enemies/groblefrost_a01.dbr,Groble ~ Frost Clan Scavenger,trash,109,109,records/creatures/enemies/bios/bio_groblefrost_a01.dbr,gdx3,((charLevel*5)^1.29)+8,3396,3396,0.0,0.0,154.0,154.0,8626,8626,310.0,310.0,35367,339,664,armorbase01,,MEASURED,NOT-DERIVED (A6 scope: Crucible wave ladder + mitigation)
records/creatures/enemies/groblefrost_b01.dbr,Groble ~ Frost Clan Warrior,trash,109,109,records/creatures/enemies/bios/bio_groblefrost_b01.dbr,gdx3,((charLevel*6)^1.29)+10,4296,4296,0.0,0.0,154.0,154.0,10913,10913,310.0,310.0,44743,361,674,armorbase02,,MEASURED,NOT-DERIVED (A6 scope: Crucible wave ladder + mitigation)
records/creatures/enemies/human_wendigo_a01.dbr,Ugdenbog Cannibal ~ Fleshcrazed,trash,103,103,records/creatures/enemies/bios/bio_human_wendigo_a01.dbr,gdx1,((charLevel*11)^1.35)+30,13310,13310,0.0,0.0,154.0,154.0,33808,33808,340.0,340.0,148757,420,648,armorbase02,,MEASURED,NOT-DERIVED (A6 scope: Crucible wave ladder + mitigation)
records/creatures/enemies/human_wendigo_a02.dbr,Ugdenbog Cannibal ~ Fleshcrazed,trash,104,104,records/creatures/enemies/bios/bio_human_wendigo_a01.dbr,gdx1,((charLevel*11)^1.35)+30,13485,13485,0.0,0.0,154.0,154.0,34251,34251,340.0,340.0,150705,424,654,armorbase02,,MEASURED,NOT-DERIVED (A6 scope: Crucible wave ladder + mitigation)
records/creatures/enemies/human_wendigo_b01.dbr,Ugdenbog Cannibal ~ Bloodsinger,trash,104,104,records/creatures/enemies/bios/bio_human_wendigo_b01.dbr,gdx1,((charLevel*14)^1.35)+50,18682,18682,0.0,0.0,169.0,169.0,50256,50256,340.0,340.0,221124,480,684,armorbase03,,MEASURED,NOT-DERIVED (A6 scope: Crucible wave ladder + mitigation)
records/creatures/enemies/human_wendigo_c01.dbr,Ugdenbog Cannibal ~ Wraithspeaker,trash,103,103,records/creatures/enemies/bios/bio_human_wendigo_c01.dbr,gdx1,((charLevel*18)^1.35)+70,25890,25890,0.0,0.0,169.0,169.0,69643,69643,340.0,340.0,306428,527,781,armorbase03,,MEASURED,NOT-DERIVED (A6 scope: Crucible wave ladder + mitigation)
records/creatures/enemies/livingplant_a01.dbr,Carnivorous Plant,trash,109,109,records/creatures/enemies/bios/bio_livingplant_a01.dbr,gdx1,((charLevel*20)^1.33)+100,27652,27652,0.0,0.0,169.0,169.0,74383,74383,306.0,310.0,301994,512,803,armorbase03,,MEASURED,NOT-DERIVED (A6 scope: Crucible wave ladder + mitigation)
records/creatures/enemies/sandlizard_volcanic_a01.dbr,Moltenclaw,trash,109,109,records/creatures/enemies/bios/bio_sandlizard_a01.dbr,gdx2,((charLevel*16)^1.33)+20,20497,20497,0.0,0.0,154.0,154.0,52061,52061,320.0,320.0,218657,510,689,armorbase02,,MEASURED,NOT-DERIVED (A6 scope: Crucible wave ladder + mitigation)
records/creatures/enemies/sandlizard_volcanic_b01.dbr,Moltenclaw ~ Flayer,trash,109,109,records/creatures/enemies/bios/bio_sandlizard_b01.dbr,gdx2,((charLevel*21)^1.33)+40,29439,29439,0.0,0.0,169.0,169.0,79190,79190,320.0,320.0,332599,531,748,armorbase03,,MEASURED,NOT-DERIVED (A6 scope: Crucible wave ladder + mitigation)
records/creatures/enemies/sandlizard_volcanic_b02.dbr,Moltenclaw ~ Nest Guardian,trash,109,109,records/creatures/enemies/bios/bio_sandlizard_b01.dbr,gdx2,((charLevel*21)^1.33)+40,29439,29439,0.0,0.0,169.0,169.0,79190,79190,320.0,320.0,332599,531,748,armorbase03,,MEASURED,NOT-DERIVED (A6 scope: Crucible wave ladder + mitigation)
records/creatures/enemies/sandlizard_volcanic_c01.dbr,Moltenclaw ~ Matriarch,trash,109,109,records/creatures/enemies/bios/bio_sandlizard_c01.dbr,gdx2,((charLevel*29)^1.33)+50,45211,45211,0.0,0.0,169.0,169.0,121618,121618,320.0,320.0,510797,585,801,armorbase03,,MEASURED,NOT-DERIVED (A6 scope: Crucible wave ladder + mitigation)
records/creatures/enemies/swampcrab_a01.dbr,Ugdenbog Crab,trash,103,103,records/creatures/enemies/bios/bio_swampcrab_a01.dbr,gdx1,((charLevel*9)^1.33)+25,8860,8860,0.0,0.0,154.0,154.0,22505,22505,320.0,320.0,94521,498,530,armorbase02,,MEASURED,NOT-DERIVED (A6 scope: Crucible wave ladder + mitigation)
records/creatures/enemies/swampcrab_b01.dbr,Ugdenbog Spikeshell,trash,103,103,records/creatures/enemies/bios/bio_swampcrab_b01.dbr,gdx1,((charLevel*14)^1.33)+45,15946,15946,0.0,0.0,169.0,169.0,42895,42895,320.0,320.0,180158,534,581,armorbase04,,MEASURED,NOT-DERIVED (A6 scope: Crucible wave ladder + mitigation)
records/creatures/enemies/swampcrab_c01.dbr,Ugdenbog Stoneshell,trash,104,104,records/creatures/enemies/bios/bio_swampcrab_c01.dbr,gdx1,((charLevel*20)^1.33)+60,25944,25944,0.0,0.0,169.0,169.0,69788,69788,320.0,320.0,293110,674,659,armorbase04,,MEASURED,NOT-DERIVED (A6 scope: Crucible wave ladder + mitigation)
records/creatures/enemies/swampgolem_a01.dbr,Ugdenbog Golem,trash,109,109,records/creatures/enemies/bios/bio_swampgolem_a01.dbr,gdx1,((charLevel*11)^1.5)+150,41667,41667,0.0,0.0,169.0,169.0,112085,112085,306.0,310.0,455065,577,679,armorbase03,resists_convertconfusefear-30-50-75-500,MEASURED,NOT-DERIVED (A6 scope: Crucible wave ladder + mitigation)
records/creatures/enemies/thornedhorrorfrost_a01.dbr,Rimethorn Horror,trash,109,109,records/creatures/enemies/bios/bio_thornedhorrorfrost_a01.dbr,gdx3,((charLevel*12)^1.33)+60,14027,14027,0.0,0.0,154.0,154.0,35627,35627,308.0,308.0,145360,478,699,armorbase02,,MEASURED,NOT-DERIVED (A6 scope: Crucible wave ladder + mitigation)
records/creatures/enemies/thornedhorrorfrost_b01.dbr,Rimethorn Terror,trash,109,109,records/creatures/enemies/bios/bio_thornedhorrorfrost_b01.dbr,gdx3,((charLevel*22)^1.33)+80,31355,31355,0.0,0.0,169.0,169.0,84345,84345,308.0,308.0,344129,551,774,armorbase03,,MEASURED,NOT-DERIVED (A6 scope: Crucible wave ladder + mitigation)
records/creatures/enemies/thornedhorrorfrost_c01.dbr,Rimethorn Monstrosity,trash,109,109,records/creatures/enemies/bios/bio_thornedhorrorfrost_c01.dbr,gdx3,((charLevel*26)^1.33)+110,39166,39166,0.0,0.0,169.0,169.0,105358,105358,308.0,308.0,429859,563,794,armorbase03,,MEASURED,NOT-DERIVED (A6 scope: Crucible wave ladder + mitigation)
records/creatures/enemies/wendigo_a01.dbr,Wendigo,trash,103,103,records/creatures/enemies/bios/bio_wendigo_a01.dbr,gdx1,((charLevel*16)^1.33)+20,19011,19011,0.0,0.0,169.0,169.0,51140,51140,310.0,310.0,209675,484,653,armorbase03,resists_convertconfusefear-30-50-75-500,MEASURED,NOT-DERIVED (A6 scope: Crucible wave ladder + mitigation)
records/creatures/enemies/wendigo_b01.dbr,Wendigo ~ Flayer,trash,104,104,records/creatures/enemies/bios/bio_wendigo_b01.dbr,gdx1,((charLevel*21)^1.33)+40,27659,27659,0.0,0.0,169.0,169.0,74402,74402,326.0,326.0,316954,508,716,armorbase04,resists_convertconfusefear-30-50-75-500,MEASURED,NOT-DERIVED (A6 scope: Crucible wave ladder + mitigation)
records/creatures/enemies/wendigo_b02.dbr,Wendigo ~ Marroweater,trash,104,104,records/creatures/enemies/bios/bio_wendigo_b01.dbr,gdx1,((charLevel*21)^1.33)+40,27659,27659,0.0,0.0,169.0,169.0,74402,74402,310.0,326.0,305050,508,716,armorbase04,resists_convertconfusefear-30-50-75-500,MEASURED,NOT-DERIVED (A6 scope: Crucible wave ladder + mitigation)
records/creatures/enemies/wendigo_c01.dbr,Wendigo ~ Ancient,trash,105,105,records/creatures/enemies/bios/bio_wendigo_c01.dbr,gdx1,((charLevel*29)^1.33)+50,43021,43021,0.0,0.0,169.0,169.0,115725,115725,310.0,310.0,474474,565,899,armorbase04,resists_convertconfusefear-30-50-75-500,MEASURED,NOT-DERIVED (A6 scope: Crucible wave ladder + mitigation)
records/creatures/enemies/wendigocannibal_a01.dbr,Ugdenbog Wretch,trash,102,102,records/creatures/enemies/bios/bio_wendigocannibal_a01.dbr,gdx1,((charLevel*9)^1.33)+30,8751,8751,0.0,0.0,154.0,154.0,22228,22228,326.0,338.0,94692,416,632,armorbase01,,MEASURED,NOT-DERIVED (A6 scope: Crucible wave ladder + mitigation)
records/creatures/enemies/wendigocannibal_b01.dbr,Ugdenbog Turned,trash,103,103,records/creatures/enemies/bios/bio_wendigocannibal_b01.dbr,gdx1,((charLevel*16)^1.33)+50,19041,19041,0.0,0.0,154.0,154.0,48365,48365,310.0,338.0,198295,476,658,armorbase02,,MEASURED,NOT-DERIVED (A6 scope: Crucible wave ladder + mitigation)
records/creatures/enemies/wendigocannibal_c01.dbr,Ugdenbog Marked,trash,104,104,records/creatures/enemies/bios/bio_wendigocannibal_c01.dbr,gdx1,((charLevel*20)^1.33)+70,25954,25954,0.0,0.0,169.0,169.0,69815,69815,338.0,338.0,305790,532,778,armorbase03,,MEASURED,NOT-DERIVED (A6 scope: Crucible wave ladder + mitigation)
records/creatures/enemies/wraith_a01.dbr,Wraith,trash,109,109,records/creatures/enemies/bios/bio_wraith_a01.dbr,gdx1,((charLevel*12)^1.33)+30,13997,13997,0.0,0.0,154.0,154.0,35551,35551,340.0,340.0,156425,400,684,armorbase02,,MEASURED,NOT-DERIVED (A6 scope: Crucible wave ladder + mitigation)
records/creatures/enemies/wraith_b01.dbr,Spiteful Wraith,trash,109,109,records/creatures/enemies/bios/bio_wraith_b01.dbr,gdx1,((charLevel*17)^1.33)+30,22226,22226,0.0,0.0,154.0,154.0,56454,56454,340.0,340.0,248398,510,694,armorbase02,,MEASURED,NOT-DERIVED (A6 scope: Crucible wave ladder + mitigation)
records/creatures/enemies/wraith_c01.dbr,Ancient Wraith,trash,109,109,records/creatures/enemies/bios/bio_wraith_c01.dbr,gdx1,((charLevel*25)^1.33)+30,37101,37101,0.0,0.0,169.0,169.0,99802,99802,340.0,340.0,439131,342,704,armorbase03,,MEASURED,NOT-DERIVED (A6 scope: Crucible wave ladder + mitigation)
records/creatures/enemies/yetidire_a01.dbr,Diremane Brute,trash,109,109,records/creatures/enemies/bios/bio_yetidire_a01.dbr,gdx3,((charLevel*18)^1.33)+100,24049,24049,0.0,0.0,154.0,154.0,61085,61085,318.0,318.0,255334,389,637,armorbase02,,MEASURED,NOT-DERIVED (A6 scope: Crucible wave ladder + mitigation)
records/creatures/enemies/yetidire_c01.dbr,Diremane Alpha,trash,109,109,records/creatures/enemies/bios/bio_yetidire_c01.dbr,gdx3,((charLevel*31)^1.33)+150,49500,49500,0.0,0.0,169.0,169.0,133155,133155,318.0,318.0,556589,551,838,armorbase04,,MEASURED,NOT-DERIVED (A6 scope: Crucible wave ladder + mitigation)
records/creatures/enemies/zombieberserker_a02.dbr,Corpsefiend,trash,103,103,records/creatures/enemies/bios/bio_zombieberserker_01.dbr,base,((charLevel*18)^1.33)+40,22252,22252,200.0,0.0,209.0,409.0,113262,113262,328.0,328.0,484762,504,899,armorbase02,resists_convertconfusefear-30-50-75-500,MEASURED,NOT-DERIVED (A6 scope: Crucible wave ladder + mitigation)
records/creatures/enemies/zombiemutated_a01.dbr,Fleshwarped Butcher,trash,103,103,records/creatures/enemies/bios/bio_zombiemutated_01.dbr,base,((charLevel*14)^1.33)+50,15951,15951,0.0,0.0,169.0,169.0,42908,42908,328.0,328.0,183647,494,848,armorbase03,resists_convertconfusefear-30-50-75-500,MEASURED,NOT-DERIVED (A6 scope: Crucible wave ladder + mitigation)
records/creatures/enemies/zombiemutated_b01.dbr,Fleshwarped Thrasher,trash,103,103,records/creatures/enemies/bios/bio_zombiemutated_01.dbr,base,((charLevel*14)^1.33)+50,15951,15951,0.0,0.0,169.0,169.0,42908,42908,328.0,328.0,183647,494,848,armorbase03,resists_convertconfusefear-30-50-75-500,MEASURED,NOT-DERIVED (A6 scope: Crucible wave ladder + mitigation)
