kit_id,corpus_class,court,supplementary,cutA_cluster,cutB_cluster,e4_x,e4_y,e5_x_aligned,e5_y_aligned
chr-arrow-storm-warden,annex,,1,,,0.353141,0.339829,0.209795,-0.054700
chr-bee-warden,annex,,1,C,,0.087226,-0.525449,-0.145968,-0.059132
chr-bleed-berserker,annex,,1,,,-0.157188,-0.094623,-0.113968,-0.652906
chr-bloodbinder-warlock,annex,,1,C,,0.071213,-0.317466,-0.020832,0.005032
chr-demon-legion-warlock,annex,,1,,,0.070482,-1.103770,-0.061726,-0.109863
chr-fire-berserker,annex,,1,,,-0.016081,-0.154225,0.123056,-0.496057
chr-firestorm-warlock,annex,,1,A,,-0.329948,0.283718,-0.282357,-0.262327
chr-frost-berserker,annex,,1,E,,-0.319949,0.016815,-0.199312,-0.407998
chr-fulmination-templar,annex,,1,,,-0.341098,-0.117590,-0.265666,-0.764421
chr-high-ranger-warden,annex,,1,B,,0.115637,0.463950,0.001047,-0.071464
chr-mechanist-rocketeer,annex,,1,,,0.140551,0.004593,-0.073518,-0.028854
chr-mechanist-saw-master,annex,,1,,,0.188751,0.584672,0.097242,-0.089240
chr-mechanist-turret-drone,annex,,1,F,,-0.569147,-0.237269,-0.576263,-0.143080
chr-pet-warden,annex,,1,,,0.032966,-1.096492,-0.130694,-0.239143
chr-plague-curse-warlock,annex,,1,,,-0.210779,0.436959,-0.255561,-0.324310
chr-thorns-templar,annex,,1,,,0.253863,-0.424742,0.208620,-0.409788
d3-akkhan-condemn,annex,,1,C,,0.074158,-0.208737,0.072034,-0.344109
d3-aov-foth,annex,,1,A,,-0.141959,0.232350,-0.110742,-0.284166
d3-arachyr-firebats,annex,,1,,,1.023126,-0.544066,0.602541,-0.418485
d3-call-of-the-ancients,annex,,1,,,-1.158420,-0.527402,-0.943418,-0.415853
d3-dashing-strike-monk,annex,,1,C,,0.094619,-0.468390,0.481331,-0.431727
d3-dmo-twister,annex,,1,,,0.000290,0.390383,0.033264,0.018672
d3-firebird,annex,,1,E,,-0.333424,0.052419,-0.224419,-0.371722
d3-firebomb,annex,,1,,,0.221870,0.406222,0.054768,-0.163536
d3-frenzy-h90,annex,,1,A,,-0.103060,0.288330,-0.114946,-0.553937
d3-god-hungering,annex,,1,,,0.582055,0.029346,0.441839,-0.355304
d3-helltooth-garg,annex,,1,,,-0.440883,-0.340257,-0.521347,-0.175781
d3-ik-hota,annex,,1,E,,-0.309584,0.075608,-0.230759,-0.459843
d3-inarius-bonestorm,annex,,1,,,0.242472,0.031989,0.185142,-0.278578
d3-inna-allies,annex,,1,,,-0.635963,-0.543687,-0.634365,-0.300485
d3-invoker-thorns,annex,,1,C,,0.096717,-0.270664,0.127747,-0.693516
d3-jade-harvester,annex,,1,,,-0.626277,-0.004065,-0.426223,-0.341042
d3-leapquake,annex,,1,,,-0.459571,-0.369971,-0.169858,-0.354749
d3-lod-bazooka,annex,,1,,,-0.569147,0.301262,-0.278750,-0.455911
d3-lon-bombardment,annex,,1,,,-0.587077,0.068161,-0.471166,-0.318719
d3-m6-sentries,annex,,1,F,,-0.567643,-0.178080,-0.549690,-0.246032
d3-manald-heal,annex,,1,A,,-0.180872,0.392759,-0.157627,-0.332065
d3-masquerade-spear,annex,,1,D,,0.122255,0.459549,-0.026267,-0.009355
d3-mundunugu-sb,annex,,1,,,-0.386768,-0.110918,-0.372883,-0.142104
d3-natalya-rov,annex,,1,,,-0.590635,-0.068729,-0.493520,-0.236797
d3-pestilence-lance,annex,,1,,,-0.342234,0.319309,-0.290321,-0.222721
d3-poj-tempest-rush,annex,,1,,,0.749274,-0.591003,0.610863,-0.392194
d3-raekor-boulder,annex,,1,,,-0.310872,-0.312281,0.028469,-0.638606
d3-raiment-shenlong,annex,,1,A,,-0.052012,0.048151,-0.023950,-0.809971
d3-rathma-aotd,annex,,1,,,-0.777121,-0.036209,-0.632823,-0.117549
d3-rolands,annex,,1,C,,0.374894,-0.203028,0.295162,-0.381410
d3-s6-impale,annex,,1,A,,0.000333,0.165397,-0.074256,-0.546042
d3-shield-bash,annex,,1,,,-0.383034,-0.151729,-0.269470,-0.611807
d3-sotl-hammer,annex,,1,,,0.321821,0.137171,0.197711,-0.172450
d3-spectral-blade,annex,,1,C,,0.436920,-0.254211,0.337908,-0.548429
d3-sunwuko-wol,annex,,1,A,,-0.237177,0.106225,-0.231538,-0.287725
d3-tal-meteor,annex,,1,,,-0.768570,0.078578,-0.456392,-0.485820
d3-trag-nova,annex,,1,C,,0.298968,-0.303246,0.222533,-0.345660
d3-typhon-hydra,annex,,1,,,-0.490218,-0.106112,-0.513944,-0.101177
d3-ue-multishot,annex,,1,,,0.367521,0.299625,0.212514,-0.067849
d3-uliana-ep,annex,,1,,,-0.525787,-0.403305,-0.163934,-0.525656
d3-vyr-archon,annex,,1,,,-0.180558,-0.440123,-0.084358,-0.396253
d3-wave-of-force,annex,,1,,,0.199771,-0.499536,0.152977,-0.376853
d3-wizard-black-hole,annex,,1,A,,0.001035,0.242820,0.088874,-0.146054
d3-ww-wastes,annex,,1,,,0.989093,-1.012515,0.713894,-0.405152
d3-zbarb,annex,,1,,,-0.203916,-0.219933,-0.109054,-0.342289
d3-zero-dogs,annex,,1,A,,-0.272135,0.261128,-0.224435,-0.426381
d3-znec,annex,,1,,,-0.437062,-0.029968,-0.388381,-0.244612
d3-zuni-carnevil,annex,,1,A,,-0.225687,0.223217,-0.311054,-0.150591
d4-andariel-flurry,annex,,1,A,,-0.179783,0.021127,-0.151145,-0.522024
d4-auradin-paladin,annex,,1,,,0.244478,-0.619839,0.154770,-0.252594
d4-ball-lightning,annex,,1,D,,0.272825,0.088294,0.267354,-0.312398
d4-bash,annex,,1,A,,-0.202869,0.040473,-0.088879,-0.686747
d4-blade-shift,annex,,1,,,0.434142,-0.363518,0.373588,-0.548977
d4-blazing-abyss-warlock,annex,,1,A,,-0.361934,0.232067,-0.211904,-0.349636
d4-blood-lance,annex,,1,B,,0.262875,0.555548,0.164017,0.008275
d4-blood-surge,annex,,1,C,,0.139364,-0.257648,0.145773,-0.401886
d4-blood-wave,annex,,1,,,0.106728,-0.693432,0.004904,-0.185542
d4-bone-spear,annex,,1,,,0.074781,0.509570,-0.006348,-0.112227
d4-bouldercane,annex,,1,,,0.242472,0.031989,0.220744,-0.366192
d4-cataclysm,annex,,1,C,,0.083883,-0.200213,0.036461,-0.092503
d4-chain-lightning,annex,,1,B,,0.324636,0.662956,0.239185,0.024301
d4-dance-of-knives,annex,,1,,,0.718972,-0.383208,0.558214,-0.336655
d4-death-trap,annex,,1,,,-1.058389,-0.352380,-0.866147,-0.061614
d4-dread-claws-warlock,annex,,1,E,,-0.357157,-0.007431,-0.232235,-0.384318
d4-earthquake-barb,annex,,1,,,-0.350951,-0.389005,-0.108746,-0.330669
d4-evade-sb,annex,,1,C,,0.130121,-0.486152,0.345952,-0.502037
d4-flame-shield-immortal,annex,,1,,,0.008658,-0.466026,-0.045409,-0.277701
d4-frozen-orb,annex,,1,B,,0.331468,0.494895,0.179928,-0.015330
d4-hammerdin-paladin,annex,,1,,,0.292830,0.077526,0.185214,-0.298567
d4-heartseeker,annex,,1,D,,0.165719,0.372959,0.083676,-0.312923
d4-hota,annex,,1,E,,-0.375349,0.032942,-0.262012,-0.437535
d4-ice-shards,annex,,1,B,,0.224420,0.514614,0.080969,-0.036773
d4-incinerate,annex,,1,,,1.624780,-0.565132,0.877390,-0.190345
d4-infinimist,annex,,1,,,-0.404638,-0.338782,-0.232939,-0.103763
d4-kick,annex,,1,,,-0.383034,-0.151729,-0.269470,-0.611807
d4-lightning-spear,annex,,1,F,,-0.499215,-0.074365,-0.508392,-0.109927
d4-lightning-storm,annex,,1,,,0.819772,-0.386346,0.645875,-0.336026
d4-mighty-throw,annex,,1,F,,-0.610210,-0.197116,-0.574618,-0.158483
d4-minion-necro,annex,,1,,,-0.347332,-0.303838,-0.481269,-0.268273
d4-payback-sb,annex,,1,,,-0.047674,-0.187263,0.022729,-0.430073
d4-pen-shot,annex,,1,,,0.170382,0.073175,0.144931,-0.102188
d4-pulverize,annex,,1,E,,-0.288024,0.006815,-0.195046,-0.505457
d4-quill-volley,annex,,1,B,,0.321437,0.440532,0.164034,-0.041773
d4-rabies-lacerate,annex,,1,A,,-0.022260,0.187472,-0.029973,-0.394104
d4-rapid-fire,annex,,1,D,,0.164215,0.313770,0.057103,-0.209970
d4-shadowblight,annex,,1,,,-0.683562,0.144260,-0.445686,-0.069630
d4-spiritborn-vortex,annex,,1,A,,-0.154070,0.065458,0.081216,-0.626829
d4-thorns-barb,annex,,1,,,0.111146,-0.054962,0.113870,-0.496119
d4-tornado-werewolf,annex,,1,B,,0.271892,0.487905,0.103104,-0.001558
d4-touch-of-death,annex,,1,F,,-0.574049,-0.189533,-0.478621,-0.341980
d4-twisting-blades,annex,,1,A,,0.040518,0.114394,-0.060937,-0.391201
d4-wind-shear,annex,,1,B,,0.402358,0.622909,0.303393,-0.191510
d4-wing-strike-arbiter,annex,,1,,,-0.337188,-0.057421,-0.284488,-0.416040
d4-ww-dust-devils,annex,,1,,,0.695344,-0.409024,0.519634,-0.356446
di-blood-knight,annex,,1,,,-0.274157,-0.017414,-0.120037,-0.415326
di-bombardment-wizard-pvp,annex,,1,A,,-0.407767,0.116054,-0.331324,-0.252818
di-bone-wall-necro-pvp,annex,,1,,,0.139183,0.239822,-0.006779,-0.239118
di-corpse-explosion-necro,annex,,1,,,-0.287684,0.202329,-0.297809,-0.245939
di-crusader-banner-support,annex,,1,,,-0.552131,-0.237833,-0.516127,-0.349735
di-cyclone-monk-pvp,annex,,1,C,,0.099786,-0.389776,0.071717,-0.455876
di-cyclone-strike-monk-base,annex,,1,E,,-0.283969,-0.004998,0.004864,-0.665658
di-draw-quarter-crusader,annex,,1,,,-0.040799,-0.741599,0.021157,-0.336887
di-druid-bear,annex,,1,,,0.014034,-0.989020,-0.178008,-0.337466
di-frenzy-barb,annex,,1,,,0.121868,0.057892,0.190356,-0.492012
di-hota-wotb-barb,annex,,1,F,,-0.558025,-0.128231,-0.433494,-0.596590
di-meteor-wizard,annex,,1,,,-0.646847,0.232374,-0.368452,-0.480392
di-minion-necro,annex,,1,,,0.068342,-0.958983,-0.070108,0.076889
di-monk-sss,annex,,1,,,-0.049663,-0.290598,-0.286499,-0.566896
di-multishot-dh,annex,,1,,,0.697220,0.534147,0.360725,-0.125554
di-ray-of-frost-wizard,annex,,1,,,1.028713,-0.531191,0.516436,-0.190282
di-spiritform-druid-pvp,annex,,1,C,,0.073588,-0.307486,-0.032726,-0.136747
di-tempest,annex,,1,C,,0.246449,-0.349966,-0.063590,-0.173148
di-vengeance-strafe-dh,annex,,1,,,0.457894,0.344802,0.136730,-0.052319
di-warlock-launch,annex,,1,F,,-0.499821,-0.003948,-0.405499,-0.128926
di-whirlwind-barb,annex,,1,,,1.057511,-1.561857,0.595225,-0.270149
hades1-ares-doom,annex,,1,,,-0.385010,0.425372,-0.253077,-0.742485
hades1-aspect-chiron,annex,,1,B,,0.252748,0.475487,0.088346,-0.445073
hades1-aspect-guan-yu,annex,,1,,,0.426257,-0.838615,0.240005,-0.368163
hades1-athena-dash,annex,,1,,,-0.005986,-0.556009,0.128242,-0.447657
hades1-beowulf-cast,annex,,1,A,,-0.038167,0.177411,-0.197162,-0.519150
hades1-merciful-end,annex,,1,,,-0.286201,-0.328645,-0.068705,-0.361631
hades1-zeus-chain,annex,,1,B,,0.265677,0.591397,0.148107,-0.107478
hades2-glorious-disaster,annex,,1,,,-0.096387,-0.494777,-0.064253,-0.388436
hades2-hail-storm,annex,,1,A,,-0.195523,0.353696,-0.194889,-0.336676
hades2-hephaestus-blast,annex,,1,,,-0.800364,0.278332,-0.450344,-0.671931
hades2-medea-skull-cast,annex,,1,,,-0.293811,0.388693,-0.219887,-0.307698
hot-archer,annex,,1,B,,0.401204,0.549966,0.217076,-0.004281
hot-astronomer-orbs,annex,,1,,,0.337810,-0.566288,0.195548,-0.336649
hot-blood-catcher,annex,,1,,,0.051275,-0.010692,-0.184582,-0.426216
hot-cleric-radiant,annex,,1,,,0.360167,-0.719886,0.230783,-0.377745
hot-dragons-breath,annex,,1,,,0.867015,0.388336,0.306259,-0.162089
hot-exterminator-burn,annex,,1,,,0.966728,0.344078,0.366797,-0.110994
hot-kugelblitz,annex,,1,C,,0.159440,-0.384721,-0.106561,-0.126641
hot-landsknecht-grenades,annex,,1,A,,0.109659,0.126115,-0.005185,0.001848
hot-meteor-strike,annex,,1,,,-0.196262,-0.214762,-0.322339,-0.083509
hot-norseman-frost-avalanche,annex,,1,A,,-0.328103,0.118629,-0.306652,-0.370809
hot-phantom-needles,annex,,1,,,0.488804,-0.071386,0.257638,0.008004
hot-sage-ring-blades,annex,,1,,,0.545223,0.020297,0.430552,-0.123524
hot-shieldmaiden-block,annex,,1,C,,0.210526,-0.405250,0.090957,-0.318015
hot-sorceress-splinters,annex,,1,B,,0.401204,0.549966,0.217076,-0.004281
hot-spirit-warrior,annex,,1,,,-0.199614,-0.286748,-0.279771,-0.338148
hot-swordsman,annex,,1,C,,0.332938,-0.247390,0.252700,-0.349813
hot-warlock,annex,,1,A,,-0.144567,0.161124,-0.163275,-0.161341
la-arthetinean-skill-machinist,annex,,1,A,,-0.140370,0.192646,-0.263908,-0.116646
la-asuras-path-breaker,annex,,1,A,,-0.135821,0.251974,-0.041598,-0.569689
la-barrage-enhancement-artillerist,annex,,1,,,-0.533596,0.483425,-0.223274,-0.696684
la-berserkers-technique,annex,,1,A,,-0.233537,0.226125,-0.137592,-0.587927
la-blessed-aura-paladin,annex,,1,A,,-0.180051,0.080854,-0.103547,-0.484382
la-brawl-king-storm-breaker,annex,,1,A,,-0.184700,0.150248,-0.121622,-0.583306
la-communication-overflow-summoner,annex,,1,,,-0.236501,-0.109065,-0.269110,-0.132862
la-control-glaivier,annex,,1,,,-0.238521,-0.055850,-0.245708,-0.423991
la-death-strike-sharpshooter,annex,,1,A,,-0.244150,0.298224,-0.267555,-0.302138
la-deathblow-striker,annex,,1,A,,-0.184700,0.150248,-0.121622,-0.583306
la-demonic-impulse-shadowhunter,annex,,1,A,,-0.096269,0.089528,-0.087164,-0.610922
la-desperate-salvation-bard,annex,,1,A,,-0.182355,0.236709,-0.111929,-0.297615
la-drizzle-aeromancer,annex,,1,A,,-0.227519,0.188956,-0.157635,-0.263604
la-energy-overflow-soulfist,annex,,1,A,,-0.086984,0.176097,-0.025628,-0.565067
la-enhanced-weapon-deadeye,annex,,1,A,,-0.066991,0.249293,-0.164768,-0.356662
la-esoteric-flurry-striker,annex,,1,A,,-0.067778,0.129760,-0.055842,-0.557386
la-esoteric-skill-wardancer,annex,,1,A,,-0.213192,0.110016,-0.152944,-0.636842
la-evolutionary-legacy-machinist,annex,,1,A,,-0.267281,0.118992,-0.352185,-0.113042
la-ferality-wildsoul,annex,,1,,,,,,
la-first-intention-wardancer,annex,,1,A,,-0.214811,0.046303,-0.181547,-0.526025
la-full-bloom-artist,annex,,1,A,,-0.276355,0.264833,-0.173605,-0.268225
la-full-moon-souleater,annex,,1,A,,-0.213192,0.110016,-0.152944,-0.636842
la-grace-empress-arcanist,annex,,1,,,-0.041719,0.410863,-0.100747,-0.329607
la-gravity-training-destroyer,annex,,1,A,,-0.295703,0.163509,0.075787,-0.867047
la-hunger-reaper,annex,,1,A,,-0.067907,0.214776,-0.123687,-0.569909
la-igniter-sorceress,annex,,1,,,-0.533596,0.483425,-0.223274,-0.696684
la-judgment-paladin,annex,,1,E,,-0.314850,-0.004719,-0.234355,-0.409384
la-liberator-valkyrie,annex,,1,,,,,,
la-loyal-companion-sharpshooter,annex,,1,A,,-0.127227,0.277736,-0.201775,-0.276217
la-lunar-voice-reaper,annex,,1,,,0.049015,0.194288,-0.057906,-0.543989
la-master-summoner,annex,,1,E,,-0.402260,-0.012699,-0.345058,-0.161236
la-mayhem-berserker,annex,,1,A,,-0.067778,0.129760,-0.055842,-0.557386
la-nights-edge-souleater,annex,,1,,,-0.238521,-0.055850,-0.245708,-0.423991
la-order-emperor-arcanist,annex,,1,,,-0.041719,0.410863,-0.100747,-0.329607
la-peacemaker-gunslinger,annex,,1,,,-0.036540,0.292292,-0.131282,-0.299426
la-perfect-suppression-shadowhunter,annex,,1,A,,-0.096269,0.089528,-0.087164,-0.610922
la-phantom-beast-awakening-wildsoul,annex,,1,,,,,,
la-pinnacle-glaivier,annex,,1,A,,-0.213192,0.110016,-0.152944,-0.636842
la-predator-slayer,annex,,1,A,,-0.067778,0.129760,-0.055842,-0.557386
la-punisher-slayer,annex,,1,A,,-0.370149,0.146842,-0.232614,-0.584048
la-rage-hammer-destroyer,annex,,1,A,,-0.048704,0.145519,0.151123,-0.507535
la-rage-hammer-destroyer-bt,annex,,1,,,-0.488721,0.052970,-0.415842,-0.542588
la-recurrence-artist,annex,,1,,,-0.386473,0.123148,-0.327511,-0.201433
la-reflux-sorceress,annex,,1,A,,-0.240662,0.088937,-0.253495,-0.250480
la-remaining-energy-deathblade,annex,,1,A,,-0.096269,0.089528,-0.087164,-0.610922
la-robust-spirit-soulfist,annex,,1,A,,-0.389355,0.193179,-0.202399,-0.591729
la-shining-knight-valkyrie,annex,,1,,,,,,
la-shock-training-scrapper,annex,,1,A,,-0.389355,0.193179,-0.202399,-0.591729
la-surge-deathblade,annex,,1,A,,-0.213192,0.110016,-0.152944,-0.636842
la-taijutsu-scrapper,annex,,1,A,,-0.086984,0.176097,-0.025628,-0.565067
la-time-to-hunt-gunslinger,annex,,1,,,0.073584,0.326662,-0.063570,-0.192869
la-wind-fury-aeromancer,annex,,1,A,,-0.215496,0.265871,-0.161326,-0.450076
mcd-dynamo-torment,annex,,1,,,-0.520589,0.430903,-0.264254,-0.670790
mcd-fireworks,annex,,1,A,,-0.408687,0.142476,-0.318810,-0.231598
mcd-soul,annex,,1,,,0.659391,-0.062023,0.441331,-0.340253
mcd-speed,annex,,1,A,,-0.103553,0.041470,-0.218527,-0.361809
mcd-summoner,annex,,1,,,-0.629418,-0.073622,-0.590017,-0.131213
tl1-alchemist-summoner,annex,,1,,,0.628724,-1.351477,0.504612,-0.152028
tl1-ricochet-vanquisher,annex,,1,,,0.167721,0.621343,0.064414,0.019317
tl2-arc-beam,annex,,1,,,1.627558,-0.455826,1.128305,-0.418945
tl2-bot-engineer,annex,,1,,,-0.591191,-0.938119,-0.711742,-0.070024
tl2-cannon-engineer,annex,,1,,,0.136185,-0.133175,0.029654,-0.143554
tl2-emberquake-engineer,annex,,1,,,0.329442,-0.607963,0.005435,-0.284607
tl2-flame-hammer-engineer,annex,,1,,,-0.301665,-0.299986,-0.249915,-0.490475
tl2-glaive-outlander,annex,,1,B,,0.424690,0.569293,0.225134,-0.009517
tl2-hailstorm-embermage,annex,,1,A,,-0.163617,0.255036,-0.173873,-0.157227
tl2-prismatic-embermage,annex,,1,B,,0.308535,0.529482,0.083274,-0.039943
tl2-shadowling-outlander,annex,,1,,,-0.396562,-0.687241,-0.505901,-0.163867
tl2-shotgonne-outlander,annex,,1,,,0.746300,0.277751,0.223617,-0.057882
tl2-wolf-shade-berserker,annex,,1,,,-0.169169,-0.305353,-0.196155,-0.696746
tli-carino2-lethal-flash,annex,,1,D,,0.130536,0.357753,-0.025719,-0.429088
tli-erika3-vendetta,annex,,1,A,,0.093450,0.158809,0.046129,-0.701619
tli-gemma-frost-caster,annex,,1,,,0.404020,0.391362,0.241861,0.011653
tli-iris2-thunder-magus,annex,,1,C,,-0.043999,-0.460013,-0.092739,-0.057057
tli-moto-bots,annex,,1,,,-0.591191,-0.938119,-0.711742,-0.070024
tli-rehan-berserker,annex,,1,,,-0.216711,-0.270695,-0.193391,-0.507654
tli-rosa-unsullied,annex,,1,,,0.081915,0.045258,0.007025,-0.631170
tli-sage-elixir,annex,,1,,,,,,
tli-youga-spirit-magus,annex,,1,,,0.156310,-0.578817,0.060906,-0.058924
tq-battlemage-warfare-earth,annex,,1,,,-0.311778,-0.435923,-0.375289,-0.254069
tq-brigand-poison,annex,,1,,,0.046537,0.437487,-0.056984,-0.132744
tq-calculated-strike,annex,,1,,,-0.383034,-0.151729,-0.269470,-0.611807
tq-distortion-templar,annex,,1,C,,0.015882,-0.488976,-0.163825,-0.102175
tq-dream-harbinger,annex,,1,,,-0.024849,-0.438627,-0.183814,-0.726446
tq-druid-squall-caster,annex,,1,A,,-0.300854,0.139571,-0.274595,-0.149938
tq-elementalist-volcanic-storm,annex,,1,D,,0.200415,0.326742,0.094364,-0.061881
tq-flame-surge,annex,,1,,,0.858693,0.178737,0.343468,-0.287876
tq-ice-shard-oracle,annex,,1,B,,0.300724,0.626891,0.158160,-0.020930
tq-liche-king-conjurer,annex,,1,,,-0.249175,-0.432430,-0.170959,0.115181
tq-marksmanship-haruspex,annex,,1,B,,0.283571,0.551296,0.120116,-0.199050
tq-onslaught-assassin,annex,,1,A,,0.069039,0.144650,0.026326,-0.779588
tq-petmaster-summoner,annex,,1,,,0.071358,-1.268322,-0.055382,-0.177299
tq-phantom-strike-dreamkiller,annex,,1,,,-0.389985,-0.396086,-0.564670,-0.552006
tq-ranger-hunting-nature,annex,,1,,,0.085236,-0.062343,-0.111686,-0.304694
tq-rune-weapon-thunderer,annex,,1,,,0.031742,-0.335416,-0.068183,-0.581324
tq-shield-charge-conqueror,annex,,1,,,-0.040799,-0.741599,0.021157,-0.336887
tq-ternion-bone-charmer,annex,,1,,,0.587585,0.457930,0.253223,-0.011501
tq-thane-storm-warfare,annex,,1,C,,0.079530,-0.227325,-0.014721,-0.541081
tq-trap-magician,annex,,1,,,-0.760271,-0.209236,-0.815766,-0.167897
tq-warlock-poison-vitality,annex,,1,,,-0.044996,-0.028395,-0.084572,-0.657236
tq2-bastion-tank,annex,,1,,,-0.246529,-0.448816,-0.184792,-0.456335
tq2-elementalist,annex,,1,D,,0.201919,0.385931,0.118832,-0.156679
tq2-forge-turrets,annex,,1,,,-0.813569,-0.281295,-0.802856,-0.140577
tq2-stormblade-ice-shards,annex,,1,B,,0.288823,0.485696,0.194500,-0.284591
tq2-whirlwind-rogue,annex,,1,,,1.110810,-1.489798,0.619168,-0.282394
ud-cwc-spin-caster,annex,,1,,,0.913791,-0.954098,0.666762,-0.447349
ud-flamethrower-channel,annex,,1,,,1.390252,-0.321222,0.653074,-0.131025
ud-ice-crystal-arrow,annex,,1,B,,0.344398,0.636349,0.172486,0.044984
ud-illusion-family,annex,,1,A,,-0.074247,0.247661,-0.178891,-0.223512
ud-lightning-vortex,annex,,1,A,,0.141400,0.149714,0.159820,-0.262608
ud-multishot-link,annex,,1,,,,,,
ud-seal-veil-daimonios,annex,,1,,,-0.111432,-0.154655,-0.228694,-0.192240
ud-snowstorm-frost,annex,,1,A,,-0.133704,0.252004,-0.115248,-0.212334
ud-spread-rapid-dex,annex,,1,B,,0.376239,0.571780,0.214550,-0.156970
ud-summon-strand,annex,,1,C,,0.082463,-0.522094,-0.126174,-0.020032
ud-toxic-flame,annex,,1,A,,-0.101078,0.251721,-0.164204,-0.276937
ud-whirlwind-str,annex,,1,,,1.006598,-1.361333,0.626889,-0.366077
vs-big-trouser,annex,,1,,,,,,
vs-bloody-tear,annex,,1,C,,0.287547,-0.219378,0.152365,-0.359233
vs-death-spiral,annex,,1,C,,0.500421,-0.148813,0.298259,-0.193174
vs-fuwalafuwaloo,annex,,1,,,0.447507,-0.702264,0.199722,-0.422570
vs-gatti-amari,annex,,1,A,,-0.227903,0.096567,-0.505440,0.053792
vs-gorgeous-moon,annex,,1,D,,0.188394,0.206309,0.132556,-0.262627
vs-heaven-sword,annex,,1,,,0.483846,0.181355,0.241917,-0.072477
vs-hellfire,annex,,1,D,,0.219138,0.170417,0.100357,-0.087266
vs-holy-wand,annex,,1,B,,0.277525,0.517290,0.025026,-0.068931
vs-infinite-corridor-crimson-shroud,annex,,1,,,0.527266,0.074745,0.194383,-0.150854
vs-je-ne-viv,annex,,1,A,,0.135012,0.166064,0.036900,-0.184398
vs-la-borra,annex,,1,,,0.222729,-0.075981,0.033321,-0.120517
vs-out-of-bounds-freeze,annex,,1,,,-0.487443,0.245437,-0.451581,-0.389731
vs-phieraggi,annex,,1,,,0.703796,-0.026649,0.425181,-0.125744
vs-queen-sigma,annex,,1,,,0.267702,-0.115483,0.330458,-0.389107
vs-red-death,annex,,1,,,0.518462,-0.217195,0.379429,-0.182542
vs-runetracer-no-future,annex,,1,B,,0.376589,0.678361,0.161727,0.036487
vs-soul-eater,annex,,1,,,0.416758,-0.616675,0.303402,-0.276615
vs-thousand-edge,annex,,1,B,,0.370193,0.537775,0.119460,-0.026850
vs-thunder-loop,annex,,1,A,,-0.216888,0.057398,-0.295841,-0.610713
vs-unholy-vespers,annex,,1,C,,0.430585,-0.196212,0.275933,-0.415047
vs-vandalier,annex,,1,D,,0.204100,0.176486,-0.018803,-0.020850
vs-vlad-dracula,annex,,1,E,,-0.346175,0.039355,-0.273524,-0.262437
d2-auradin,record,lightning,0,,C,0.417800,-0.066958,0.278157,-1.047543
d2-avenger,record,fire,0,,C,0.005586,0.096389,-0.088523,-1.193631
d2-berserker,record,,0,A,C,-0.085191,0.072375,-0.139819,-1.290993
d2-blade-sin,record,physical,0,,A,0.987957,-0.337647,0.821867,0.135514
d2-blaze-sorc,record,fire,0,C,A,0.203564,-0.356041,0.295908,-0.229054
d2-blizzard-sorc,record,cold,0,A,B,-0.151281,0.374045,-0.335755,0.022237
d2-bonemancer,record,,0,B,A,0.274214,0.555317,0.246937,0.171310
d2-bowazon,record,physical,0,B,A,0.278840,0.610443,0.228077,0.079500
d2-bvc,record,physical,0,,E,0.711353,-1.210550,0.955861,-0.852905
d2-charger,record,physical,0,,A,-0.192469,-0.115431,0.320113,-0.378564
d2-conc-barb,record,physical,0,,C,-0.056338,-0.056093,-0.133410,-1.301644
d2-daggermancer,record,chaos-poison,0,A,C,-0.055559,0.065401,-0.118651,-1.200065
d2-enchantress,record,fire,0,,B,-0.277042,-0.166991,-0.245845,-0.413381
d2-fire-druid,record,fire,0,A,B,-0.169166,0.332423,-0.204627,-0.070596
d2-fire-sorc,record,fire,0,A,A,-0.175732,0.214517,0.016972,0.038201
d2-fireclaw-wolf,record,fire,0,,C,-0.137442,-0.056460,-0.219177,-1.247339
d2-firewall-sorc,record,fire,0,D,B,0.214885,0.202129,-0.090413,0.096544
d2-fishyzon,record,physical,0,B,A,0.144594,0.512251,0.121392,0.084783
d2-fohdin,record,lightning,0,A,A,-0.270197,0.259722,0.045980,-0.107879
d2-frenzy-barb,record,physical,0,A,C,-0.069592,0.076645,-0.128134,-1.405242
d2-frost-bowazon,record,cold,0,D,A,0.240078,0.374131,0.288236,0.110714
d2-frozen-orb-sorc,record,cold,0,B,A,0.284324,0.530675,0.563824,-0.210875
d2-fury-wolf,record,physical,0,A,C,-0.124632,0.095529,-0.241154,-1.099163
d2-ghost-pvp,record,physical,0,,D,-0.580791,-0.030415,-0.825348,-0.209285
d2-golemancer,record,physical,0,F,D,-0.506036,-0.127506,-1.225968,0.102552
d2-grim-ward-barb,record,physical,0,,D,-0.635751,0.027315,-1.236849,0.065572
d2-hammerdin,record,,0,,E,0.420488,0.138742,0.629995,-0.360575
d2-horker,record,physical,0,A,E,-0.142095,0.207063,0.461323,-0.789367
d2-hydra-sorc,record,fire,0,,D,-0.686750,-0.272817,-1.015200,0.054006
d2-impale-zon,record,physical,0,,C,-1.214874,0.147786,-0.568533,-1.890746
d2-inferno-sorc,record,fire,0,,E,1.574849,-0.751849,1.910394,-0.220418
d2-javazon,record,lightning,0,,A,0.337474,0.756792,0.306522,0.118645
d2-kicksin,record,physical,0,A,C,-0.096527,0.289198,-0.177755,-1.301391
d2-leap-attack-barb,record,physical,0,,C,-0.820759,0.206578,-0.223675,-0.909499
d2-lightning-sorc,record,lightning,0,B,A,0.313360,0.669383,0.335749,0.123710
d2-maul-bear,record,physical,0,,C,-0.454221,0.151200,-0.271016,-1.527523
d2-meteorb,record,fire,0,,B,-0.491434,0.332995,-0.289803,-0.306644
d2-mosaic-sin,record,lightning,0,A,A,-0.030555,0.249371,0.058131,-0.343429
d2-nova-sorc,record,lightning,0,,A,0.504394,-0.237727,0.397197,-0.069968
d2-poison-javazon,record,chaos-poison,0,,B,-0.330978,0.330917,-0.270458,-0.102148
d2-poison-nova-necro,record,chaos-poison,0,,A,0.280165,-0.127726,0.333777,0.178073
d2-rabies-wolf,record,chaos-poison,0,,B,-0.070259,0.394129,-0.025565,-0.157440
d2-sacrifice,record,physical,0,,C,-0.417638,-0.227120,-0.300476,-1.770896
d2-singer,record,physical,0,C,A,0.318304,-0.306239,0.202634,-0.308089
d2-smiter,record,physical,0,A,C,-0.223662,0.023359,-0.222223,-1.390677
d2-summon-druid,record,physical,0,,D,-0.216536,-0.191361,-0.785722,-0.014476
d2-summonmancer,record,physical,0,,D,-0.776372,0.051389,-0.976299,-0.093906
d2-teleport-sorc,record,,1,,,,,,
d2-throw-barb,record,physical,0,D,A,0.181567,0.434663,0.050429,0.056790
d2-trapsin,record,lightning,0,,D,-0.866397,-0.033299,-1.042719,-0.017451
d2-wind-druid,record,physical,0,B,A,0.375773,0.684748,0.206154,0.100525
d2-wl-abyss,record,,0,,B,-0.295277,0.396203,-0.079248,-0.063894
d2-wl-blood-boil,record,fire,0,,B,-0.432651,0.273379,-0.299167,0.030497
d2-wl-echoing-strike,record,physical,0,A,A,-0.137440,0.188261,0.138945,-0.244667
d2-wl-fire,record,fire,0,,A,-0.295277,0.396203,0.004874,-0.131144
d2-wl-tainted-summoner,record,,0,,B,-0.467619,0.326946,-0.205680,-0.025338
d2-wl-void-rift,record,chaos-poison,0,,B,-0.341527,0.312117,-0.177690,-0.281824
d2-ww-barb,record,physical,0,,E,0.862183,-1.086168,1.052372,-0.750981
d2-ww-sin,record,physical,0,,E,0.995627,-1.011647,1.087914,-0.756199
d2-zealot,record,physical,0,A,C,-0.200541,0.209994,-0.123421,-1.584657
gd-aar-spellbinder,record,lightning,0,,E,1.082131,-0.368291,1.078562,-0.146068
gd-aegis-paladin,record,fire,0,B,A,0.184732,0.534273,0.111712,0.151253
gd-belgothian-blademaster,record,physical,0,,C,0.017360,-0.061020,-0.087936,-1.389294
gd-berserker-wereforms,record,cold,0,A,B,-0.193300,0.082642,-0.150088,-0.499874
gd-blade-arc-warder,record,physical,0,C,C,0.146278,-0.210351,0.179631,-0.970200
gd-blade-trap,record,physical,0,A,B,-0.128718,0.143332,-0.214772,0.117093
gd-blight-fiend-ritualist,record,chaos-poison,0,,B,-0.652340,0.031649,-0.529530,-0.231585
gd-bloody-pox-conjurer,record,chaos-poison,0,A,A,-0.208691,0.278431,-0.030986,0.178525
gd-bwc-demolitionist,record,fire,0,E,B,-0.404019,0.017448,-0.280765,-0.098932
gd-cadence-witchblade,record,physical,0,F,C,-0.496704,-0.054959,-0.436666,-1.309068
gd-callidors-tempest-templar,record,lightning,0,C,A,0.374894,-0.203028,0.238478,-0.139218
gd-canister-saboteur,record,fire,0,,B,-0.770314,-0.216470,-0.472527,-0.134492
gd-dee-witch-hunter,record,chaos-poison,0,D,A,0.190870,0.290803,0.058431,0.026603
gd-devastation-sorcerer,record,lightning,0,,B,-0.574859,0.032747,-0.378522,-0.040606
gd-doom-bolt-sentinel,record,chaos-poison,0,,B,-0.406702,0.245921,-0.352648,0.068713
gd-drain-essence-spellbinder,record,chaos-poison,0,,E,0.980145,0.084146,0.973191,0.030745
gd-eor-warlord,record,fire,0,,E,1.003473,-1.052719,1.119406,-0.763323
gd-fire-strike-purifier,record,fire,0,D,A,0.204299,0.191777,0.249195,-0.034096
gd-flames-of-ignaffar-purifier,record,fire,0,,E,1.308865,-0.062852,0.834100,-0.226663
gd-forcewave-warlord,record,physical,0,C,A,0.493621,-0.201693,0.547509,-0.090576
gd-krieg-death-knight,record,lightning,0,E,C,-0.406360,0.020750,-0.347352,-1.024478
gd-mortar-purifier,record,fire,0,,D,-1.102927,-0.354849,-1.239031,0.023582
gd-panettis-mage-hunter,record,,0,B,A,0.296845,0.611404,0.202548,-0.086693
gd-pet-conjurer,record,physical,0,,B,-0.366521,-0.184143,-0.544597,-0.334766
gd-phantasmal-blades-witch-hunter,record,chaos-poison,0,B,A,0.283150,0.479848,0.251188,0.282621
gd-primal-strike-vindicator,record,lightning,0,A,C,-0.215344,0.096778,-0.175378,-1.012563
gd-ravenous-earth-oppressor,record,chaos-poison,0,,B,-0.487675,0.127253,-0.570968,0.108834
gd-reap-spirit,record,chaos-poison,0,,D,-0.499905,0.058430,-0.978020,0.066839
gd-retaliation-warlord,record,physical,0,C,E,0.096717,-0.270664,0.716386,-0.981099
gd-righteous-fervor-dervish,record,chaos-poison,0,,C,-0.034434,-0.073890,-0.073984,-1.476630
gd-roh-infiltrator,record,cold,0,,D,-0.711539,-0.017824,-0.722755,0.000196
gd-savagery-warder,record,lightning,0,,C,-0.206713,-0.077055,-0.129396,-1.372870
gd-shadow-strike-infiltrator,record,cold,0,,A,-0.435160,-0.355813,0.070049,-0.276559
gd-skeleton-ritualist,record,physical,0,,D,-0.822662,-0.652017,-1.175974,-0.110014
gd-stormbox-elementalist,record,lightning,0,A,A,-0.231549,0.208127,0.006700,0.087217
gd-stun-jacks,record,lightning,0,,A,-0.132511,-0.000163,0.258830,0.077051
gd-trozan-druid,record,cold,0,A,B,-0.367458,0.232092,-0.440720,-0.043910
gd-vires-might-shieldbreaker,record,fire,0,,A,-0.203756,-0.390503,0.323465,-0.368095
gd-vitality-conjurer,record,chaos-poison,0,,B,-0.534440,0.056062,-0.463524,0.069622
gd-wendigo-totem-ritualist,record,physical,0,,D,-0.963076,-0.339863,-0.902743,0.076976
gd-word-of-pain-tactician,record,fire,0,,B,-0.449388,0.087937,-0.237704,-0.053445
le-bladestorm-bd,record,physical,0,C,B,0.430573,-0.149171,-0.165569,-0.161420
le-bomb-lance-falconer,record,physical,0,A,A,0.100023,0.170336,-0.032006,0.095612
le-chthonic-fissure-warlock,record,fire,0,,A,0.390788,0.042895,0.084502,0.181155
le-detonating-arrow-mm,record,fire,0,,A,0.087446,0.331185,0.127051,0.091891
le-dive-bomb-falconer,record,physical,0,A,B,-0.354603,0.203538,-0.548924,-0.030433
le-erasing-strike-vk,record,chaos-poison,0,,C,-0.576164,0.224212,-0.181888,-1.057108
le-explosive-trap-falconer,record,physical,0,F,D,-0.538621,-0.032370,-0.922671,-0.072940
le-fire-aura-spellblade,record,fire,0,,A,0.380661,-0.625547,0.033624,-0.029702
le-flame-reave-spellblade,record,fire,0,A,A,0.038320,0.126216,0.042625,-0.168453
le-frost-claw,record,cold,0,,A,0.797457,0.635188,0.404243,0.090259
le-frost-wall-rm,record,cold,0,E,B,-0.429516,0.023824,-0.530289,0.036723
le-ghostflame-warlock,record,chaos-poison,0,,E,1.139086,-0.441093,0.838552,0.088602
le-hammer-throw-paladin,record,physical,0,,E,0.451077,-0.048933,0.757390,-0.288770
le-harvest-lich,record,chaos-poison,0,A,C,-0.086941,0.109967,-0.067136,-0.926092
le-healing-hands-paladin,record,fire,0,A,B,-0.152207,0.105693,-0.101776,-0.330666
le-judgement-paladin,record,fire,0,A,B,-0.179404,-0.012218,-0.103339,-0.037257
le-lightning-blast,record,lightning,0,,A,0.512877,0.707493,0.490422,0.183975
le-manifest-armor,record,physical,0,,B,-0.513277,-0.318640,-0.571406,-0.515235
le-reaper-form-lich,record,chaos-poison,0,C,A,0.260681,-0.263930,0.185394,-0.118716
le-ring-of-shields,record,physical,0,,B,-0.207874,-0.374587,-0.121955,-0.234583
le-runic-invocation,record,lightning,0,D,A,0.180452,0.269897,0.004044,0.092828
le-shadow-bladedancer,record,physical,0,,D,-0.352247,-0.101640,-0.768511,-0.224021
le-shield-bash-le,record,physical,0,,C,-0.383034,-0.151729,-0.308323,-1.587490
le-shield-throw-time-rot-vk,record,chaos-poison,0,B,A,0.299129,0.559370,0.141085,0.164311
le-shift-bladedancer,record,physical,0,C,A,0.094619,-0.468390,0.422073,-0.243132
le-skeleton-necro,record,physical,0,,B,-0.567007,-0.382056,-0.518701,-0.287534
le-smite-paladin,record,lightning,0,A,A,-0.058693,0.059714,0.070736,-0.447493
le-soul-feast,record,chaos-poison,0,,A,-0.413542,0.189902,0.017224,0.069757
le-squirrel-bm,record,physical,0,,B,-0.440096,-0.308403,-0.409801,-0.586712
le-storm-totem-shaman,record,lightning,0,,D,-0.753381,-0.312785,-0.878650,-0.265602
le-swarmblade-druid,record,physical,0,C,A,0.207238,-0.384655,0.174747,-0.344353
le-tempest-strike,record,lightning,0,A,C,-0.007088,0.248764,-0.053926,-1.373740
le-umbral-blades,record,physical,0,B,A,0.232458,0.481437,0.141958,0.086685
le-warpath-vk,record,chaos-poison,0,,E,1.023354,-1.282978,1.007880,-0.594700
le-werebear-druid,record,physical,0,C,A,0.172608,-0.389170,0.192620,-0.307495
le-wraithlord-necro,record,chaos-poison,0,F,B,-0.638445,-0.210144,-0.639552,-0.019899
poe1-aegis-max-block,record,cold,0,A,B,-0.294487,0.265010,-0.074374,-0.324463
poe1-animate-weapon,record,physical,0,E,B,-0.367088,-0.047619,-0.312006,-0.092904
poe1-arc,record,lightning,0,,A,0.341191,0.885927,0.450252,0.163163
poe1-archmage,record,lightning,0,B,A,0.313200,0.572577,0.311181,0.272865
poe1-armageddon-brand,record,fire,0,,B,-0.561422,-0.114100,-0.519735,0.032478
poe1-aurabot,record,,0,C,A,0.335493,-0.288550,0.250405,-0.004169
poe1-aurastacker,record,cold,0,,A,0.488713,-0.409831,0.348386,-0.129815
poe1-autobomber,record,cold,0,,A,0.333171,0.317061,0.516859,-0.257021
poe1-ball-lightning,record,lightning,0,B,A,0.313200,0.572577,0.311181,0.272865
poe1-bane,record,chaos-poison,0,A,B,-0.115689,0.295648,-0.159797,0.083557
poe1-baron-zombies,record,physical,0,,C,-0.319146,-0.052749,-0.482099,-1.015587
poe1-blade-flurry,record,physical,0,,E,0.404213,-0.480614,0.549276,-1.007368
poe1-bladefall-bladeblast,record,physical,0,,B,-0.770020,0.163815,-0.398626,-0.052602
poe1-blood-magic-kit,record,,1,,,,,,
poe1-boneshatter,record,physical,0,A,C,-0.172285,0.090895,-0.164590,-1.183268
poe1-caustic-arrow,record,chaos-poison,0,B,A,0.268045,0.462450,0.076310,0.218376
poe1-charged-dash,record,lightning,0,,E,0.936175,-0.908720,1.293389,-0.494874
poe1-cleave,record,physical,0,,C,0.051929,-0.050861,0.116391,-1.427795
poe1-coc-ice-nova,record,cold,0,,E,0.721516,-0.339901,0.949995,-0.901000
poe1-cold-dot-occ,record,cold,0,A,A,-0.189656,0.175305,-0.004824,0.120916
poe1-crackling-lance,record,lightning,0,,E,0.584734,0.235380,1.269378,-0.118902
poe1-cwdt-loop,record,chaos-poison,0,,A,0.307953,0.159095,0.266247,-0.083317
poe1-cyclone,record,physical,0,,E,0.989093,-1.012515,1.109488,-0.743546
poe1-dark-pact,record,chaos-poison,0,B,A,0.133576,0.510646,0.237598,0.151932
poe1-deaths-oath,record,chaos-poison,0,C,A,0.339591,-0.351505,0.266301,-0.044323
poe1-detonate-dead,record,fire,0,,B,-0.610847,0.299587,-0.456297,-0.130392
poe1-discharge,record,fire,0,,A,0.050912,-0.126129,0.132387,-0.356715
poe1-divine-ire,record,lightning,0,,E,0.926367,-0.313476,0.977642,-0.076947
poe1-ea-ballista,record,fire,0,,D,-1.088547,-0.395053,-1.236879,0.013170
poe1-earthquake,record,physical,0,,C,-0.819921,0.064963,-0.464097,-1.267102
poe1-earthshatter,record,physical,0,,C,-1.104616,-0.053893,-0.653767,-1.212352
poe1-edc,record,chaos-poison,0,,A,0.296036,0.775800,0.262360,0.299117
poe1-elemental-hit,record,fire,0,D,A,0.140616,0.325427,0.157114,0.111370
poe1-facebreaker,record,physical,0,A,C,-0.077895,0.240043,-0.097321,-1.080699
poe1-fire-trap,record,fire,0,,D,-1.088547,-0.395053,-0.889660,0.026041
poe1-flameblast,record,fire,0,,A,0.433304,-0.301807,0.497528,-0.128938
poe1-flicker,record,physical,0,,E,-0.014922,-0.164369,0.488996,-0.450170
poe1-forbidden-rite,record,chaos-poison,0,,B,-0.658482,-0.213155,-0.435135,0.133184
poe1-freezing-pulse,record,cold,0,,A,0.266955,0.775740,0.275905,0.104234
poe1-frost-blades,record,cold,0,D,C,0.205141,0.341722,0.025988,-0.908025
poe1-generals-cry,record,physical,0,,B,-0.440779,-0.159926,-0.555838,-0.101270
poe1-glacial-cascade-mines,record,cold,0,,B,-0.951606,-0.267038,-0.547929,0.041033
poe1-glacial-hammer,record,cold,0,,C,-0.182442,-0.186879,-0.202907,-1.400093
poe1-golementalist,record,fire,0,,D,-0.213247,-0.222452,-0.773696,0.048015
poe1-heavy-strike-stun,record,physical,0,F,C,-0.604023,-0.174121,-0.484020,-1.135679
poe1-hexblast-mines,record,chaos-poison,0,,B,-0.691514,0.084811,-0.454111,-0.042141
poe1-hoag,record,chaos-poison,0,,D,-0.518844,-0.160671,-0.752712,-0.207710
poe1-ice-shot,record,cold,0,,A,0.386177,0.434409,0.265289,0.132835
poe1-icicle-mines,record,cold,0,,B,-0.474020,0.010553,-0.289697,-0.151356
poe1-incinerate,record,fire,0,,E,1.388631,0.046582,1.075564,-0.229075
poe1-kinetic-fusillade,record,physical,0,B,A,0.310237,0.644089,0.289760,0.142554
poe1-lacerate-glad,record,physical,0,A,C,-0.201248,0.303280,0.010118,-1.091781
poe1-lightning-arrow,record,lightning,0,B,A,0.404138,0.693396,0.451241,0.147535
poe1-lightning-conduit,record,lightning,0,,B,-0.413774,0.433658,-0.131486,-0.252299
poe1-lightning-strike,record,lightning,0,D,C,0.195110,0.287360,0.037953,-0.935365
poe1-low-life-shavs,record,fire,0,A,B,-0.203821,0.002563,-0.152740,-0.124364
poe1-minion-pact-bv,record,physical,0,D,E,0.196820,0.222560,0.707055,-0.493405
poe1-mjolner,record,lightning,0,,C,0.053227,0.624531,-0.156862,-0.813999
poe1-molten-strike,record,fire,0,D,C,0.237066,0.331722,0.017963,-0.952169
poe1-pconc,record,chaos-poison,0,,A,0.405449,0.362325,0.076570,0.099574
poe1-pizza-sticks,record,fire,0,,B,-1.088547,-0.395053,-0.521435,-0.055662
poe1-poets-pen-vd,record,fire,0,A,B,-0.152122,0.369901,-0.096496,0.009159
poe1-poison-bv,record,chaos-poison,0,D,E,0.324799,0.111780,0.716296,-0.557777
poe1-reaper,record,physical,0,F,C,-0.592221,-0.232338,-0.403399,-1.444637
poe1-righteous-fire,record,fire,0,,A,0.271361,-0.136898,0.267551,-0.174232
poe1-scourge-arrow,record,chaos-poison,0,,A,0.596807,0.292121,0.677295,-0.032701
poe1-seismic-trap,record,physical,0,,D,-0.979928,-0.414086,-0.813481,-0.813959
poe1-siege-ballista,record,physical,0,,D,-0.666243,-0.325536,-1.097812,-0.016411
poe1-skeleton-mages,record,cold,0,,B,-0.232393,-0.124408,-0.147513,0.083332
poe1-soulrend,record,chaos-poison,0,,A,0.126149,0.571286,0.166770,0.198803
poe1-spark,record,lightning,0,B,A,0.365783,0.715055,0.322021,0.150496
poe1-spectral-helix,record,physical,0,,A,0.405324,0.336365,0.442434,0.023019
poe1-spectral-throw,record,lightning,0,B,A,0.274502,0.599336,0.069709,0.102661
poe1-spectres,record,fire,0,A,D,-0.345262,0.174103,-0.748512,-0.032767
poe1-split-arrow-bleed,record,physical,0,B,A,0.258504,0.597062,0.223614,0.167193
poe1-srs,record,fire,0,,D,-0.281842,0.183590,-0.759585,-0.073441
poe1-sst,record,physical,0,,A,0.222682,0.668209,0.219478,0.161210
poe1-storm-brand,record,lightning,0,,B,-0.452089,0.081594,-0.109727,0.047696
poe1-sweep,record,physical,0,,C,0.199771,-0.499536,0.232132,-1.409579
poe1-tectonic-slam,record,fire,0,A,C,-0.289150,0.112208,-0.173033,-1.215184
poe1-tornado-shot,record,physical,0,B,A,0.383361,0.593013,0.302397,0.146210
poe1-totem-hierophant,record,physical,0,,D,-1.261352,-0.722966,-1.764663,0.052937
poe1-toxic-rain,record,chaos-poison,0,,B,-0.142768,0.396745,-0.141072,-0.025996
poe1-vaal-blade-vortex,record,physical,0,,A,0.261617,-0.113346,0.125751,-0.156870
poe1-venom-gyre,record,chaos-poison,0,D,A,0.233642,0.135755,0.457452,-0.007519
poe1-viper-poison,record,chaos-poison,0,A,C,0.000113,0.266894,-0.028097,-1.184278
poe1-wander,record,physical,0,B,A,0.383361,0.593013,0.302397,0.146210
poe1-warchief,record,physical,0,,D,-0.935831,-0.514512,-1.205294,-0.142207
poe1-ward-loop,record,chaos-poison,0,,A,0.380911,0.271948,0.275734,-0.020185
poe1-whispering-ice,record,cold,0,,B,-0.284479,0.454721,-0.194046,-0.041273
poe1-wild-strike,record,fire,0,A,C,0.019468,0.174518,-0.129626,-1.378463
poe1-winter-orb,record,cold,0,,E,0.683825,0.060259,1.035994,-0.386131
poe1-woc-ignite,record,fire,0,D,A,0.222496,0.124416,0.258438,-0.028870
poe1-wormblaster,record,fire,0,B,A,0.292602,0.691515,0.137340,0.024155
poe2-acolyte-darkness,record,chaos-poison,0,A,C,-0.036678,0.078441,-0.083885,-1.117256
poe2-archmage-totems,record,lightning,0,,D,-1.019149,-0.162770,-1.122930,0.090673
poe2-blood-mage,record,physical,0,,A,-0.396885,0.498220,0.175722,-0.129226
poe2-bonestorm,record,physical,0,,A,-0.233814,0.579540,0.271823,-0.116847
poe2-chronomancer-01,record,cold,0,A,B,-0.218856,0.305885,-0.087293,0.021246
poe2-cof-comet,record,cold,0,,B,-0.124229,0.446092,-0.070745,-0.262597
poe2-concoction,record,chaos-poison,0,A,B,-0.159067,0.074083,-0.266049,-0.005675
poe2-demon-form,record,fire,0,,A,0.371568,0.087552,0.272506,-0.069623
poe2-erasure-edc-lich,record,chaos-poison,0,B,A,0.269883,0.649060,0.344759,0.494273
poe2-galvanic-shards,record,lightning,0,,A,0.707954,0.635755,0.241951,0.028127
poe2-gas-arrow-ignite,record,fire,0,D,B,0.169883,0.302440,-0.058077,0.047628
poe2-gemling-stacker,record,lightning,0,A,C,-0.112028,0.139114,0.040772,-1.103072
poe2-howa-invoker,record,lightning,0,A,C,-0.058730,0.211174,-0.084849,-1.026710
poe2-ice-strike-invoker,record,cold,0,A,C,-0.057782,0.094651,-0.125597,-1.297261
poe2-infernal-legion,record,fire,0,,B,-0.563882,-0.690671,-0.528491,-0.166532
poe2-lightning-arrow-deadeye,record,lightning,0,B,A,0.395512,0.612974,0.360228,-0.154727
poe2-lightning-spear-amazon,record,lightning,0,B,A,0.407112,0.691334,0.370868,0.081086
poe2-minion-infernalist,record,fire,0,,D,-0.566022,-0.545883,-0.984506,0.032703
poe2-perfect-strike-01,record,fire,0,,C,-0.817981,0.315884,0.068865,-1.793028
poe2-poison-pathfinder,record,chaos-poison,0,B,A,0.276454,0.497088,0.112849,-0.043255
poe2-rake-ritualist,record,physical,0,A,C,0.036907,0.151103,0.215286,-0.822392
poe2-shaman-bear,record,physical,0,C,C,0.325515,-0.263476,0.105006,-1.213991
poe2-smith-ignite,record,fire,0,,C,-0.529113,0.213909,-0.192722,-1.179745
poe2-snipe-mirage-deadeye,record,cold,0,C,E,0.398847,-0.166893,0.641072,-0.255602
poe2-spark-stormweaver,record,lightning,0,,A,0.521105,0.358979,0.464597,0.155240
poe2-spiral-volley,record,physical,0,B,A,0.416419,0.515765,0.279822,-0.185104
poe2-supporting-fire,record,physical,0,,B,-0.279809,-0.205701,-0.415259,0.015361
poe2-tempest-bell,record,lightning,0,,C,-0.598798,-0.325593,-0.357005,-1.356230
poe2-tempest-flurry,record,lightning,0,,C,-0.105706,-0.017145,-0.041912,-1.249285
poe2-titan-hotg,record,physical,0,,C,-0.757158,0.123225,-0.485112,-1.495452
poe2-twister,record,physical,0,,A,0.642788,-0.954025,0.257375,0.133545
poe2-walking-calamity,record,fire,0,C,A,0.307206,-0.285360,0.021762,-0.173158
poe2-wall-of-shields,record,physical,0,,B,-0.291568,-0.100610,-0.398533,0.033717
poe2-warbringer-totems,record,physical,0,,D,-0.834954,-0.439401,-1.152419,-0.218791
poe2-whirling-assault-ma,record,physical,0,A,E,-0.215080,0.003333,0.571165,-0.824729
poe2-witchhunter-grenades,record,fire,0,A,B,-0.039706,0.262687,-0.034638,-0.035238
d3-lod-archetype,system,,1,A,,0.056377,0.128870,-0.007982,-0.124303
di-essence-transfer,system,,1,,,,,,
di-inferno-ladder,system,,1,,,,,,
di-resonance-awakening,system,,1,,,,,,
hades2-omega-magick,system,,1,,,,,,
le-low-life-ward,system,,1,,,-0.037606,0.025998,-0.030264,-0.341360
poe2-grim-feast,system,,1,,,0.391656,-0.664648,0.268469,-0.212221
poe2-temporalis-blink,system,,1,C,,0.345109,-0.326257,0.079564,-0.065648
