record,n_rostered_actors,anim_table,alert_anim_chance,status,weaponset,variant,anm_path,archive,bones,frames,anim_speed,anim_weight,seconds_at_30fps_DERIVED,basis
records/creatures/enemies/aetherialcorruption_b01.dbr,7,records/creatures/enemies/anm/anm_aetherialcorruption.dbr,0,HAS-ALERT,dHanded,1,creatures/enemies/zombie/anm/zombie01_unarmed_alert_a01.anm,resources/Creatures.arc,28,71,1.0,100.0,2.36667,frames DECODED from the .anm header (field1); seconds DERIVED at the universally-constant rate field 30 and NOT decoded as fps (UNREACHED-AB-1); state-duration == animation-length is NOT claimed (UNREACHED-AB-2)
records/creatures/enemies/aetherialcorruption_b01.dbr,7,records/creatures/enemies/anm/anm_aetherialcorruption.dbr,0,HAS-ALERT,sHanded,1,creatures/enemies/zombie/anm/zombie01_unarmed_alert_a01.anm,resources/Creatures.arc,28,71,1.0,100.0,2.36667,frames DECODED from the .anm header (field1); seconds DERIVED at the universally-constant rate field 30 and NOT decoded as fps (UNREACHED-AB-1); state-duration == animation-length is NOT claimed (UNREACHED-AB-2)
records/creatures/enemies/aetherialcorruption_b01.dbr,7,records/creatures/enemies/anm/anm_aetherialcorruption.dbr,0,HAS-ALERT,unarmed,1,creatures/enemies/aetherialcorruption/animations/aetherialcorruption_attack_d01.anm,gdx1/resources/Creatures.arc,25,49,1.0,100.0,1.63333,frames DECODED from the .anm header (field1); seconds DERIVED at the universally-constant rate field 30 and NOT decoded as fps (UNREACHED-AB-1); state-duration == animation-length is NOT claimed (UNREACHED-AB-2)
records/creatures/enemies/aetherialcorruption_c01.dbr,14,records/creatures/enemies/anm/anm_aetherialcorruption.dbr,0,HAS-ALERT,dHanded,1,creatures/enemies/zombie/anm/zombie01_unarmed_alert_a01.anm,resources/Creatures.arc,28,71,1.0,100.0,2.36667,frames DECODED from the .anm header (field1); seconds DERIVED at the universally-constant rate field 30 and NOT decoded as fps (UNREACHED-AB-1); state-duration == animation-length is NOT claimed (UNREACHED-AB-2)
records/creatures/enemies/aetherialcorruption_c01.dbr,14,records/creatures/enemies/anm/anm_aetherialcorruption.dbr,0,HAS-ALERT,sHanded,1,creatures/enemies/zombie/anm/zombie01_unarmed_alert_a01.anm,resources/Creatures.arc,28,71,1.0,100.0,2.36667,frames DECODED from the .anm header (field1); seconds DERIVED at the universally-constant rate field 30 and NOT decoded as fps (UNREACHED-AB-1); state-duration == animation-length is NOT claimed (UNREACHED-AB-2)
records/creatures/enemies/aetherialcorruption_c01.dbr,14,records/creatures/enemies/anm/anm_aetherialcorruption.dbr,0,HAS-ALERT,unarmed,1,creatures/enemies/aetherialcorruption/animations/aetherialcorruption_attack_d01.anm,gdx1/resources/Creatures.arc,25,49,1.0,100.0,1.63333,frames DECODED from the .anm header (field1); seconds DERIVED at the universally-constant rate field 30 and NOT decoded as fps (UNREACHED-AB-1); state-duration == animation-length is NOT claimed (UNREACHED-AB-2)
records/creatures/enemies/boss&quest/aetherialbloater_malmouthdocks_01.dbr,2,records/creatures/enemies/anm/anm_aetherialbloater.dbr,100,HAS-ALERT,unarmed,1,creatures/enemies/aetherialbloater/animations/aetherialbloater_alert_a01.anm,gdx1/resources/Creatures.arc,69,43,1.0,100.0,1.43333,frames DECODED from the .anm header (field1); seconds DERIVED at the universally-constant rate field 30 and NOT decoded as fps (UNREACHED-AB-1); state-duration == animation-length is NOT claimed (UNREACHED-AB-2)
records/creatures/enemies/boss&quest/aetherialcorruption_intro.dbr,2,records/creatures/enemies/anm/anm_aetherialcorruption.dbr,0,HAS-ALERT,dHanded,1,creatures/enemies/zombie/anm/zombie01_unarmed_alert_a01.anm,resources/Creatures.arc,28,71,1.0,100.0,2.36667,frames DECODED from the .anm header (field1); seconds DERIVED at the universally-constant rate field 30 and NOT decoded as fps (UNREACHED-AB-1); state-duration == animation-length is NOT claimed (UNREACHED-AB-2)
records/creatures/enemies/boss&quest/aetherialcorruption_intro.dbr,2,records/creatures/enemies/anm/anm_aetherialcorruption.dbr,0,HAS-ALERT,sHanded,1,creatures/enemies/zombie/anm/zombie01_unarmed_alert_a01.anm,resources/Creatures.arc,28,71,1.0,100.0,2.36667,frames DECODED from the .anm header (field1); seconds DERIVED at the universally-constant rate field 30 and NOT decoded as fps (UNREACHED-AB-1); state-duration == animation-length is NOT claimed (UNREACHED-AB-2)
records/creatures/enemies/boss&quest/aetherialcorruption_intro.dbr,2,records/creatures/enemies/anm/anm_aetherialcorruption.dbr,0,HAS-ALERT,unarmed,1,creatures/enemies/aetherialcorruption/animations/aetherialcorruption_attack_d01.anm,gdx1/resources/Creatures.arc,25,49,1.0,100.0,1.63333,frames DECODED from the .anm header (field1); seconds DERIVED at the universally-constant rate field 30 and NOT decoded as fps (UNREACHED-AB-1); state-duration == animation-length is NOT claimed (UNREACHED-AB-2)
records/creatures/enemies/boss&quest/basilisk_witchritual.dbr,2,records/creatures/enemies/anm/anm_basilisk_witchritual.dbr,0,HAS-ALERT,unarmed,1,creatures/enemies/basilisk/animation/basilisk_alert_a01.anm,gdx1/resources/Creatures.arc,19,45,1.0,100.0,1.5,frames DECODED from the .anm header (field1); seconds DERIVED at the universally-constant rate field 30 and NOT decoded as fps (UNREACHED-AB-1); state-duration == animation-length is NOT claimed (UNREACHED-AB-2)
records/creatures/enemies/boss&quest/chthonianrylok_gabalthunn.dbr,2,records/creatures/enemies/anm/anm_chthonian_rylok.dbr,0,HAS-ALERT,unarmed,1,creatures/enemies/chthonianrylok/animations/chthonianrylok_alert_a01.anm,gdx1/resources/Creatures.arc,77,43,1.0,100.0,1.43333,frames DECODED from the .anm header (field1); seconds DERIVED at the universally-constant rate field 30 and NOT decoded as fps (UNREACHED-AB-1); state-duration == animation-length is NOT claimed (UNREACHED-AB-2)
records/creatures/enemies/boss&quest/chthonianservitor_lunalvalgoth.dbr,2,records/creatures/enemies/anm/anm_chthonian_servitor.dbr,0,HAS-ALERT,unarmed,1,creatures/enemies/chthonianservitor/animation/chthonianservitor_cast_a01.anm,gdx1/resources/Creatures.arc,38,44,1.0,100.0,1.46667,frames DECODED from the .anm header (field1); seconds DERIVED at the universally-constant rate field 30 and NOT decoded as fps (UNREACHED-AB-1); state-duration == animation-length is NOT claimed (UNREACHED-AB-2)
records/creatures/enemies/boss&quest/cultist_cultleader_01.dbr,2,records/creatures/pc/anm_malepc.dbr,0,ALERT-SLOT-EMPTY,,,,,,,,,,frames DECODED from the .anm header (field1); seconds DERIVED at the universally-constant rate field 30 and NOT decoded as fps (UNREACHED-AB-1); state-duration == animation-length is NOT claimed (UNREACHED-AB-2)
records/creatures/enemies/boss&quest/eldritcharmor_dreegmindreaper_01.dbr,2,records/creatures/enemies/anm/anm_eldritcharmor_bossfire.dbr,0,ALERT-SLOT-EMPTY,,,,,,,,,,frames DECODED from the .anm header (field1); seconds DERIVED at the universally-constant rate field 30 and NOT decoded as fps (UNREACHED-AB-1); state-duration == animation-length is NOT claimed (UNREACHED-AB-2)
records/creatures/enemies/boss&quest/human_chthonickurn_shaman_01.dbr,1,records/creatures/enemies/anm/anm_humankurnfemale_floating.dbr,30,ALERT-SLOT-EMPTY,,,,,,,,,,frames DECODED from the .anm header (field1); seconds DERIVED at the universally-constant rate field 30 and NOT decoded as fps (UNREACHED-AB-1); state-duration == animation-length is NOT claimed (UNREACHED-AB-2)
records/creatures/enemies/boss&quest/humanwendigo_darkwood_01.dbr,2,records/creatures/pc/anm_femalepc.dbr,0,ALERT-SLOT-EMPTY,,,,,,,,,,frames DECODED from the .anm header (field1); seconds DERIVED at the universally-constant rate field 30 and NOT decoded as fps (UNREACHED-AB-1); state-duration == animation-length is NOT claimed (UNREACHED-AB-2)
records/creatures/enemies/boss&quest/korvaakmessenger_02b.dbr,1,records/creatures/enemies/anm/anm_gargoyle_messenger.dbr,0,HAS-ALERT,unarmed,1,creatures/enemies/chthonianrylok/animations/chthonianrylok_alert_a01.anm,gdx1/resources/Creatures.arc,77,43,1.0,100.0,1.43333,frames DECODED from the .anm header (field1); seconds DERIVED at the universally-constant rate field 30 and NOT decoded as fps (UNREACHED-AB-1); state-duration == animation-length is NOT claimed (UNREACHED-AB-2)
records/creatures/enemies/boss&quest/skeletalgolem_stepsoftorment_01.dbr,2,records/creatures/enemies/anm/anm_golemboneboss_phase01.dbr,0,HAS-ALERT,unarmed,1,creatures/enemies/golem/anm/golembone_phase01_alert_a01.anm,resources/Creatures.arc,46,73,1.0,100.0,2.43333,frames DECODED from the .anm header (field1); seconds DERIVED at the universally-constant rate field 30 and NOT decoded as fps (UNREACHED-AB-1); state-duration == animation-length is NOT claimed (UNREACHED-AB-2)
records/creatures/enemies/boss&quest/statue_korvaaktombguardian.dbr,2,records/creatures/enemies/anm/anm_statue.dbr,0,HAS-ALERT,unarmed,1,creatures/enemies/possessedstatue/anm/possessedstatue_alert_a01.anm,gdx2/resources/Creatures.arc,61,47,1.0,100.0,1.56667,frames DECODED from the .anm header (field1); seconds DERIVED at the universally-constant rate field 30 and NOT decoded as fps (UNREACHED-AB-1); state-duration == animation-length is NOT claimed (UNREACHED-AB-2)
records/creatures/enemies/boss&quest/swampcrab_ugdenbog_01.dbr,2,records/creatures/enemies/anm/anm_swampcrab.dbr,0,HAS-ALERT,unarmed,1,creatures/enemies/crabmonstrosity/animation/crabmonstrosity_alert_a01.anm,gdx1/resources/Creatures.arc,28,49,1.0,100.0,1.63333,frames DECODED from the .anm header (field1); seconds DERIVED at the universally-constant rate field 30 and NOT decoded as fps (UNREACHED-AB-1); state-duration == animation-length is NOT claimed (UNREACHED-AB-2)
records/creatures/enemies/boss&quest/witch_janaxia.dbr,2,records/creatures/pc/anm_femalepc.dbr,0,ALERT-SLOT-EMPTY,,,,,,,,,,frames DECODED from the .anm header (field1); seconds DERIVED at the universally-constant rate field 30 and NOT decoded as fps (UNREACHED-AB-1); state-duration == animation-length is NOT claimed (UNREACHED-AB-2)
records/creatures/enemies/boss&quest/witchgod_finalboss.dbr,2,records/creatures/enemies/anm/anm_human.dbr,0,ALERT-SLOT-EMPTY,,,,,,,,,,frames DECODED from the .anm header (field1); seconds DERIVED at the universally-constant rate field 30 and NOT decoded as fps (UNREACHED-AB-1); state-duration == animation-length is NOT claimed (UNREACHED-AB-2)
records/creatures/enemies/bounties/cu_bounty04.dbr,1,records/creatures/enemies/anm/anm_aetherialbloater.dbr,0,HAS-ALERT,unarmed,1,creatures/enemies/aetherialbloater/animations/aetherialbloater_alert_a01.anm,gdx1/resources/Creatures.arc,69,43,1.0,100.0,1.43333,frames DECODED from the .anm header (field1); seconds DERIVED at the universally-constant rate field 30 and NOT decoded as fps (UNREACHED-AB-1); state-duration == animation-length is NOT claimed (UNREACHED-AB-2)
records/creatures/enemies/bounties/cu_bounty07.dbr,1,records/creatures/enemies/anm/anm_basilisk.dbr,0,HAS-ALERT,unarmed,1,creatures/enemies/basilisk/animation/basilisk_alert_a01.anm,gdx1/resources/Creatures.arc,19,45,1.0,100.0,1.5,frames DECODED from the .anm header (field1); seconds DERIVED at the universally-constant rate field 30 and NOT decoded as fps (UNREACHED-AB-1); state-duration == animation-length is NOT claimed (UNREACHED-AB-2)
records/creatures/enemies/bounties/cu_bounty08.dbr,1,records/creatures/enemies/anm/anm_swampcrab.dbr,0,HAS-ALERT,unarmed,1,creatures/enemies/crabmonstrosity/animation/crabmonstrosity_alert_a01.anm,gdx1/resources/Creatures.arc,28,49,1.0,100.0,1.63333,frames DECODED from the .anm header (field1); seconds DERIVED at the universally-constant rate field 30 and NOT decoded as fps (UNREACHED-AB-1); state-duration == animation-length is NOT claimed (UNREACHED-AB-2)
records/creatures/enemies/bounties/odv_bounty07.dbr,1,records/creatures/pc/anm_malepc.dbr,0,ALERT-SLOT-EMPTY,,,,,,,,,,frames DECODED from the .anm header (field1); seconds DERIVED at the universally-constant rate field 30 and NOT decoded as fps (UNREACHED-AB-1); state-duration == animation-length is NOT claimed (UNREACHED-AB-2)
records/creatures/enemies/bounties/ro_bounty11.dbr,1,records/creatures/enemies/anm/anm_harpy.dbr,0,HAS-ALERT,sHanded,1,creatures/enemies/harpy/anm/harpy_alert_a01.anm,resources/Creatures.arc,62,66,1.0,100.0,2.2,frames DECODED from the .anm header (field1); seconds DERIVED at the universally-constant rate field 30 and NOT decoded as fps (UNREACHED-AB-1); state-duration == animation-length is NOT claimed (UNREACHED-AB-2)
records/creatures/enemies/bounties/ro_bounty11.dbr,1,records/creatures/enemies/anm/anm_harpy.dbr,0,HAS-ALERT,unarmed,1,creatures/enemies/harpy/anm/harpy_alert_a01.anm,resources/Creatures.arc,62,66,1.0,100.0,2.2,frames DECODED from the .anm header (field1); seconds DERIVED at the universally-constant rate field 30 and NOT decoded as fps (UNREACHED-AB-1); state-duration == animation-length is NOT claimed (UNREACHED-AB-2)
records/creatures/enemies/bounties/ro_bounty19.dbr,1,records/creatures/enemies/anm/anm_golembone_phase01.dbr,0,HAS-ALERT,unarmed,1,creatures/enemies/golem/anm/golembone_phase01_alert_a01.anm,resources/Creatures.arc,46,73,1.2000000476837158,100.0,2.43333,frames DECODED from the .anm header (field1); seconds DERIVED at the universally-constant rate field 30 and NOT decoded as fps (UNREACHED-AB-1); state-duration == animation-length is NOT claimed (UNREACHED-AB-2)
records/creatures/enemies/chthoniandevourer_a01.dbr,5,records/creatures/enemies/anm/anm_chthonian_devourer.dbr,0,HAS-ALERT,unarmed,1,creatures/enemies/chthonian/anm/devourer_alert_a01.anm,resources/Creatures.arc,30,23,1.0,100.0,0.76667,frames DECODED from the .anm header (field1); seconds DERIVED at the universally-constant rate field 30 and NOT decoded as fps (UNREACHED-AB-1); state-duration == animation-length is NOT claimed (UNREACHED-AB-2)
records/creatures/enemies/chthoniandevourer_b01.dbr,5,records/creatures/enemies/anm/anm_chthonian_devourer.dbr,0,HAS-ALERT,unarmed,1,creatures/enemies/chthonian/anm/devourer_alert_a01.anm,resources/Creatures.arc,30,23,1.0,100.0,0.76667,frames DECODED from the .anm header (field1); seconds DERIVED at the universally-constant rate field 30 and NOT decoded as fps (UNREACHED-AB-1); state-duration == animation-length is NOT claimed (UNREACHED-AB-2)
records/creatures/enemies/chthoniandevourer_b02.dbr,4,records/creatures/enemies/anm/anm_chthonian_devourer.dbr,0,HAS-ALERT,unarmed,1,creatures/enemies/chthonian/anm/devourer_alert_a01.anm,resources/Creatures.arc,30,23,1.0,100.0,0.76667,frames DECODED from the .anm header (field1); seconds DERIVED at the universally-constant rate field 30 and NOT decoded as fps (UNREACHED-AB-1); state-duration == animation-length is NOT claimed (UNREACHED-AB-2)
records/creatures/enemies/chthonianherald_b01.dbr,2,records/creatures/enemies/anm/anm_chthonian_herald.dbr,30,HAS-ALERT,unarmed,1,creatures/enemies/chthonianherald/anm/chthonianherald_alert_a01.anm,gdx3/resources/Creatures.arc,108,51,1.0,100.0,1.7,frames DECODED from the .anm header (field1); seconds DERIVED at the universally-constant rate field 30 and NOT decoded as fps (UNREACHED-AB-1); state-duration == animation-length is NOT claimed (UNREACHED-AB-2)
records/creatures/enemies/chthonianherald_c01.dbr,1,records/creatures/enemies/anm/anm_chthonian_herald.dbr,30,HAS-ALERT,unarmed,1,creatures/enemies/chthonianherald/anm/chthonianherald_alert_a01.anm,gdx3/resources/Creatures.arc,108,51,1.0,100.0,1.7,frames DECODED from the .anm header (field1); seconds DERIVED at the universally-constant rate field 30 and NOT decoded as fps (UNREACHED-AB-1); state-duration == animation-length is NOT claimed (UNREACHED-AB-2)
records/creatures/enemies/chthonianrylok_a01.dbr,2,records/creatures/enemies/anm/anm_chthonian_rylok.dbr,0,HAS-ALERT,unarmed,1,creatures/enemies/chthonianrylok/animations/chthonianrylok_alert_a01.anm,gdx1/resources/Creatures.arc,77,43,1.0,100.0,1.43333,frames DECODED from the .anm header (field1); seconds DERIVED at the universally-constant rate field 30 and NOT decoded as fps (UNREACHED-AB-1); state-duration == animation-length is NOT claimed (UNREACHED-AB-2)
records/creatures/enemies/chthonianrylok_b01.dbr,1,records/creatures/enemies/anm/anm_chthonian_rylok.dbr,0,HAS-ALERT,unarmed,1,creatures/enemies/chthonianrylok/animations/chthonianrylok_alert_a01.anm,gdx1/resources/Creatures.arc,77,43,1.0,100.0,1.43333,frames DECODED from the .anm header (field1); seconds DERIVED at the universally-constant rate field 30 and NOT decoded as fps (UNREACHED-AB-1); state-duration == animation-length is NOT claimed (UNREACHED-AB-2)
records/creatures/enemies/chthonianrylok_c01.dbr,1,records/creatures/enemies/anm/anm_chthonian_rylok.dbr,0,HAS-ALERT,unarmed,1,creatures/enemies/chthonianrylok/animations/chthonianrylok_alert_a01.anm,gdx1/resources/Creatures.arc,77,43,1.0,100.0,1.43333,frames DECODED from the .anm header (field1); seconds DERIVED at the universally-constant rate field 30 and NOT decoded as fps (UNREACHED-AB-1); state-duration == animation-length is NOT claimed (UNREACHED-AB-2)
records/creatures/enemies/chthonianwretch_b01.dbr,3,records/creatures/enemies/anm/anm_chthonianvoidfiend.dbr,0,HAS-ALERT,unarmed,1,creatures/enemies/voidfiend/anm/voidfiend_alert_01.anm,resources/Creatures.arc,27,66,1.0,100.0,2.2,frames DECODED from the .anm header (field1); seconds DERIVED at the universally-constant rate field 30 and NOT decoded as fps (UNREACHED-AB-1); state-duration == animation-length is NOT claimed (UNREACHED-AB-2)
records/creatures/enemies/chthonianwretch_c01.dbr,1,records/creatures/enemies/anm/anm_chthonianvoidfiend.dbr,0,HAS-ALERT,unarmed,1,creatures/enemies/voidfiend/anm/voidfiend_alert_01.anm,resources/Creatures.arc,27,66,1.0,100.0,2.2,frames DECODED from the .anm header (field1); seconds DERIVED at the universally-constant rate field 30 and NOT decoded as fps (UNREACHED-AB-1); state-duration == animation-length is NOT claimed (UNREACHED-AB-2)
records/creatures/enemies/devotion/chthonianherald_h04.dbr,1,records/creatures/enemies/anm/anm_chthonian_herald.dbr,30,HAS-ALERT,unarmed,1,creatures/enemies/chthonianherald/anm/chthonianherald_alert_a01.anm,gdx3/resources/Creatures.arc,108,51,1.0,100.0,1.7,frames DECODED from the .anm header (field1); seconds DERIVED at the universally-constant rate field 30 and NOT decoded as fps (UNREACHED-AB-1); state-duration == animation-length is NOT claimed (UNREACHED-AB-2)
records/creatures/enemies/devotion/dranghoul_h02.dbr,1,records/creatures/enemies/anm/anm_dranghoul.dbr,30,HAS-ALERT,sHanded,1,creatures/enemies/dranghoul/anm/dranghoul_01_alert.anm,resources/Creatures.arc,67,61,1.0,100.0,2.03333,frames DECODED from the .anm header (field1); seconds DERIVED at the universally-constant rate field 30 and NOT decoded as fps (UNREACHED-AB-1); state-duration == animation-length is NOT claimed (UNREACHED-AB-2)
records/creatures/enemies/devotion/dranghoul_h02.dbr,1,records/creatures/enemies/anm/anm_dranghoul.dbr,30,HAS-ALERT,unarmed,1,creatures/enemies/dranghoul/anm/dranghoul_01_alert.anm,resources/Creatures.arc,67,61,1.0,100.0,2.03333,frames DECODED from the .anm header (field1); seconds DERIVED at the universally-constant rate field 30 and NOT decoded as fps (UNREACHED-AB-1); state-duration == animation-length is NOT claimed (UNREACHED-AB-2)
records/creatures/enemies/devotion/rhino_h02.dbr,1,records/creatures/enemies/anm/anm_rhino.dbr,30,HAS-ALERT,unarmed,1,creatures/enemies/woollyrhino/anm/woollyrhino_alert_a01.anm,gdx3/resources/Creatures.arc,39,49,1.2000000476837158,100.0,1.63333,frames DECODED from the .anm header (field1); seconds DERIVED at the universally-constant rate field 30 and NOT decoded as fps (UNREACHED-AB-1); state-duration == animation-length is NOT claimed (UNREACHED-AB-2)
records/creatures/enemies/devotion/skeleton_h06.dbr,1,records/creatures/enemies/anm/anm_skeleton_fast.dbr,0,HAS-ALERT,ranged2h,1,creatures/enemies/skeleton/anm/skeleton_01a_alert.anm,resources/Creatures.arc,39,41,1.0,100.0,1.36667,frames DECODED from the .anm header (field1); seconds DERIVED at the universally-constant rate field 30 and NOT decoded as fps (UNREACHED-AB-1); state-duration == animation-length is NOT claimed (UNREACHED-AB-2)
records/creatures/enemies/devotion/skeleton_h06.dbr,1,records/creatures/enemies/anm/anm_skeleton_fast.dbr,0,HAS-ALERT,sHanded,1,creatures/enemies/skeleton/anm/skeleton_01a_alert.anm,resources/Creatures.arc,39,41,1.0,100.0,1.36667,frames DECODED from the .anm header (field1); seconds DERIVED at the universally-constant rate field 30 and NOT decoded as fps (UNREACHED-AB-1); state-duration == animation-length is NOT claimed (UNREACHED-AB-2)
records/creatures/enemies/devotion/skeleton_h06.dbr,1,records/creatures/enemies/anm/anm_skeleton_fast.dbr,0,HAS-ALERT,unarmed,1,creatures/enemies/skeleton/anm/skeleton_01a_alert.anm,resources/Creatures.arc,39,41,1.0,100.0,1.36667,frames DECODED from the .anm header (field1); seconds DERIVED at the universally-constant rate field 30 and NOT decoded as fps (UNREACHED-AB-1); state-duration == animation-length is NOT claimed (UNREACHED-AB-2)
records/creatures/enemies/devotion/skeleton_h08.dbr,1,records/creatures/enemies/anm/anm_skeleton_fast.dbr,0,HAS-ALERT,ranged2h,1,creatures/enemies/skeleton/anm/skeleton_01a_alert.anm,resources/Creatures.arc,39,41,1.0,100.0,1.36667,frames DECODED from the .anm header (field1); seconds DERIVED at the universally-constant rate field 30 and NOT decoded as fps (UNREACHED-AB-1); state-duration == animation-length is NOT claimed (UNREACHED-AB-2)
records/creatures/enemies/devotion/skeleton_h08.dbr,1,records/creatures/enemies/anm/anm_skeleton_fast.dbr,0,HAS-ALERT,sHanded,1,creatures/enemies/skeleton/anm/skeleton_01a_alert.anm,resources/Creatures.arc,39,41,1.0,100.0,1.36667,frames DECODED from the .anm header (field1); seconds DERIVED at the universally-constant rate field 30 and NOT decoded as fps (UNREACHED-AB-1); state-duration == animation-length is NOT claimed (UNREACHED-AB-2)
records/creatures/enemies/devotion/skeleton_h08.dbr,1,records/creatures/enemies/anm/anm_skeleton_fast.dbr,0,HAS-ALERT,unarmed,1,creatures/enemies/skeleton/anm/skeleton_01a_alert.anm,resources/Creatures.arc,39,41,1.0,100.0,1.36667,frames DECODED from the .anm header (field1); seconds DERIVED at the universally-constant rate field 30 and NOT decoded as fps (UNREACHED-AB-1); state-duration == animation-length is NOT claimed (UNREACHED-AB-2)
records/creatures/enemies/devotion/skeleton_h09.dbr,1,records/creatures/enemies/anm/anm_skeleton_fast.dbr,0,HAS-ALERT,ranged2h,1,creatures/enemies/skeleton/anm/skeleton_01a_alert.anm,resources/Creatures.arc,39,41,1.0,100.0,1.36667,frames DECODED from the .anm header (field1); seconds DERIVED at the universally-constant rate field 30 and NOT decoded as fps (UNREACHED-AB-1); state-duration == animation-length is NOT claimed (UNREACHED-AB-2)
records/creatures/enemies/devotion/skeleton_h09.dbr,1,records/creatures/enemies/anm/anm_skeleton_fast.dbr,0,HAS-ALERT,sHanded,1,creatures/enemies/skeleton/anm/skeleton_01a_alert.anm,resources/Creatures.arc,39,41,1.0,100.0,1.36667,frames DECODED from the .anm header (field1); seconds DERIVED at the universally-constant rate field 30 and NOT decoded as fps (UNREACHED-AB-1); state-duration == animation-length is NOT claimed (UNREACHED-AB-2)
records/creatures/enemies/devotion/skeleton_h09.dbr,1,records/creatures/enemies/anm/anm_skeleton_fast.dbr,0,HAS-ALERT,unarmed,1,creatures/enemies/skeleton/anm/skeleton_01a_alert.anm,resources/Creatures.arc,39,41,1.0,100.0,1.36667,frames DECODED from the .anm header (field1); seconds DERIVED at the universally-constant rate field 30 and NOT decoded as fps (UNREACHED-AB-1); state-duration == animation-length is NOT claimed (UNREACHED-AB-2)
records/creatures/enemies/eldritcharmor_a01.dbr,2,records/creatures/enemies/anm/anm_eldritcharmor.dbr,0,ALERT-SLOT-EMPTY,,,,,,,,,,frames DECODED from the .anm header (field1); seconds DERIVED at the universally-constant rate field 30 and NOT decoded as fps (UNREACHED-AB-1); state-duration == animation-length is NOT claimed (UNREACHED-AB-2)
records/creatures/enemies/eldritcharmor_b01.dbr,2,records/creatures/enemies/anm/anm_eldritcharmor.dbr,0,ALERT-SLOT-EMPTY,,,,,,,,,,frames DECODED from the .anm header (field1); seconds DERIVED at the universally-constant rate field 30 and NOT decoded as fps (UNREACHED-AB-1); state-duration == animation-length is NOT claimed (UNREACHED-AB-2)
records/creatures/enemies/eldritcharmor_c01.dbr,4,records/creatures/enemies/anm/anm_eldritcharmor.dbr,0,ALERT-SLOT-EMPTY,,,,,,,,,,frames DECODED from the .anm header (field1); seconds DERIVED at the universally-constant rate field 30 and NOT decoded as fps (UNREACHED-AB-1); state-duration == animation-length is NOT claimed (UNREACHED-AB-2)
records/creatures/enemies/ghost_a01.dbr,3,records/creatures/enemies/anm/anm_ghost_female.dbr,0,ALERT-SLOT-EMPTY,,,,,,,,,,frames DECODED from the .anm header (field1); seconds DERIVED at the universally-constant rate field 30 and NOT decoded as fps (UNREACHED-AB-1); state-duration == animation-length is NOT claimed (UNREACHED-AB-2)
records/creatures/enemies/ghost_a02.dbr,1,records/creatures/enemies/anm/anm_ghost_male.dbr,0,ALERT-SLOT-EMPTY,,,,,,,,,,frames DECODED from the .anm header (field1); seconds DERIVED at the universally-constant rate field 30 and NOT decoded as fps (UNREACHED-AB-1); state-duration == animation-length is NOT claimed (UNREACHED-AB-2)
records/creatures/enemies/ghost_b01.dbr,3,records/creatures/enemies/anm/anm_ghost_female.dbr,0,ALERT-SLOT-EMPTY,,,,,,,,,,frames DECODED from the .anm header (field1); seconds DERIVED at the universally-constant rate field 30 and NOT decoded as fps (UNREACHED-AB-1); state-duration == animation-length is NOT claimed (UNREACHED-AB-2)
records/creatures/enemies/ghost_b02.dbr,3,records/creatures/enemies/anm/anm_ghost_female.dbr,0,ALERT-SLOT-EMPTY,,,,,,,,,,frames DECODED from the .anm header (field1); seconds DERIVED at the universally-constant rate field 30 and NOT decoded as fps (UNREACHED-AB-1); state-duration == animation-length is NOT claimed (UNREACHED-AB-2)
records/creatures/enemies/ghost_b03.dbr,3,records/creatures/enemies/anm/anm_ghost_male.dbr,0,ALERT-SLOT-EMPTY,,,,,,,,,,frames DECODED from the .anm header (field1); seconds DERIVED at the universally-constant rate field 30 and NOT decoded as fps (UNREACHED-AB-1); state-duration == animation-length is NOT claimed (UNREACHED-AB-2)
records/creatures/enemies/ghost_b04.dbr,5,records/creatures/enemies/anm/anm_ghost_male.dbr,0,ALERT-SLOT-EMPTY,,,,,,,,,,frames DECODED from the .anm header (field1); seconds DERIVED at the universally-constant rate field 30 and NOT decoded as fps (UNREACHED-AB-1); state-duration == animation-length is NOT claimed (UNREACHED-AB-2)
records/creatures/enemies/giant_b01.dbr,4,records/creatures/enemies/anm/anm_giant.dbr,30,HAS-ALERT,dHanded,1,creatures/enemies/giant/anm/giant_alert_a01.anm,gdx3/resources/Creatures.arc,82,61,1.0,100.0,2.03333,frames DECODED from the .anm header (field1); seconds DERIVED at the universally-constant rate field 30 and NOT decoded as fps (UNREACHED-AB-1); state-duration == animation-length is NOT claimed (UNREACHED-AB-2)
records/creatures/enemies/giant_b01.dbr,4,records/creatures/enemies/anm/anm_giant.dbr,30,HAS-ALERT,spear2h,1,creatures/enemies/giant/anm/giant_alert_a01.anm,gdx3/resources/Creatures.arc,82,61,1.0,100.0,2.03333,frames DECODED from the .anm header (field1); seconds DERIVED at the universally-constant rate field 30 and NOT decoded as fps (UNREACHED-AB-1); state-duration == animation-length is NOT claimed (UNREACHED-AB-2)
records/creatures/enemies/giant_b01.dbr,4,records/creatures/enemies/anm/anm_giant.dbr,30,HAS-ALERT,unarmed,1,creatures/enemies/giant/anm/giant_alert_a01.anm,gdx3/resources/Creatures.arc,82,61,1.0,100.0,2.03333,frames DECODED from the .anm header (field1); seconds DERIVED at the universally-constant rate field 30 and NOT decoded as fps (UNREACHED-AB-1); state-duration == animation-length is NOT claimed (UNREACHED-AB-2)
records/creatures/enemies/giant_c01.dbr,1,records/creatures/enemies/anm/anm_giant.dbr,30,HAS-ALERT,dHanded,1,creatures/enemies/giant/anm/giant_alert_a01.anm,gdx3/resources/Creatures.arc,82,61,1.0,100.0,2.03333,frames DECODED from the .anm header (field1); seconds DERIVED at the universally-constant rate field 30 and NOT decoded as fps (UNREACHED-AB-1); state-duration == animation-length is NOT claimed (UNREACHED-AB-2)
records/creatures/enemies/giant_c01.dbr,1,records/creatures/enemies/anm/anm_giant.dbr,30,HAS-ALERT,spear2h,1,creatures/enemies/giant/anm/giant_alert_a01.anm,gdx3/resources/Creatures.arc,82,61,1.0,100.0,2.03333,frames DECODED from the .anm header (field1); seconds DERIVED at the universally-constant rate field 30 and NOT decoded as fps (UNREACHED-AB-1); state-duration == animation-length is NOT claimed (UNREACHED-AB-2)
records/creatures/enemies/giant_c01.dbr,1,records/creatures/enemies/anm/anm_giant.dbr,30,HAS-ALERT,unarmed,1,creatures/enemies/giant/anm/giant_alert_a01.anm,gdx3/resources/Creatures.arc,82,61,1.0,100.0,2.03333,frames DECODED from the .anm header (field1); seconds DERIVED at the universally-constant rate field 30 and NOT decoded as fps (UNREACHED-AB-1); state-duration == animation-length is NOT claimed (UNREACHED-AB-2)
records/creatures/enemies/groblefrost_a01.dbr,1,records/creatures/enemies/anm/anm_groblefrost.dbr,30,HAS-ALERT,ranged1h,1,creatures/enemies/groble/anm/groble01_alert.anm,resources/Creatures.arc,44,68,1.0,100.0,2.26667,frames DECODED from the .anm header (field1); seconds DERIVED at the universally-constant rate field 30 and NOT decoded as fps (UNREACHED-AB-1); state-duration == animation-length is NOT claimed (UNREACHED-AB-2)
records/creatures/enemies/groblefrost_a01.dbr,1,records/creatures/enemies/anm/anm_groblefrost.dbr,30,HAS-ALERT,ranged2h,1,creatures/enemies/groble/anm/groble01_alert.anm,resources/Creatures.arc,44,68,1.0,100.0,2.26667,frames DECODED from the .anm header (field1); seconds DERIVED at the universally-constant rate field 30 and NOT decoded as fps (UNREACHED-AB-1); state-duration == animation-length is NOT claimed (UNREACHED-AB-2)
records/creatures/enemies/groblefrost_a01.dbr,1,records/creatures/enemies/anm/anm_groblefrost.dbr,30,HAS-ALERT,sHanded,1,creatures/enemies/groble/anm/groble01_alert.anm,resources/Creatures.arc,44,68,1.0,100.0,2.26667,frames DECODED from the .anm header (field1); seconds DERIVED at the universally-constant rate field 30 and NOT decoded as fps (UNREACHED-AB-1); state-duration == animation-length is NOT claimed (UNREACHED-AB-2)
records/creatures/enemies/groblefrost_a01.dbr,1,records/creatures/enemies/anm/anm_groblefrost.dbr,30,HAS-ALERT,staff,1,creatures/enemies/groble/anm/groble01_alert.anm,resources/Creatures.arc,44,68,1.0,100.0,2.26667,frames DECODED from the .anm header (field1); seconds DERIVED at the universally-constant rate field 30 and NOT decoded as fps (UNREACHED-AB-1); state-duration == animation-length is NOT claimed (UNREACHED-AB-2)
records/creatures/enemies/groblefrost_a01.dbr,1,records/creatures/enemies/anm/anm_groblefrost.dbr,30,HAS-ALERT,unarmed,1,creatures/enemies/groble/anm/groble01_alert.anm,resources/Creatures.arc,44,68,1.0,100.0,2.26667,frames DECODED from the .anm header (field1); seconds DERIVED at the universally-constant rate field 30 and NOT decoded as fps (UNREACHED-AB-1); state-duration == animation-length is NOT claimed (UNREACHED-AB-2)
records/creatures/enemies/groblefrost_b01.dbr,1,records/creatures/enemies/anm/anm_groblefrost.dbr,30,HAS-ALERT,ranged1h,1,creatures/enemies/groble/anm/groble01_alert.anm,resources/Creatures.arc,44,68,1.0,100.0,2.26667,frames DECODED from the .anm header (field1); seconds DERIVED at the universally-constant rate field 30 and NOT decoded as fps (UNREACHED-AB-1); state-duration == animation-length is NOT claimed (UNREACHED-AB-2)
records/creatures/enemies/groblefrost_b01.dbr,1,records/creatures/enemies/anm/anm_groblefrost.dbr,30,HAS-ALERT,ranged2h,1,creatures/enemies/groble/anm/groble01_alert.anm,resources/Creatures.arc,44,68,1.0,100.0,2.26667,frames DECODED from the .anm header (field1); seconds DERIVED at the universally-constant rate field 30 and NOT decoded as fps (UNREACHED-AB-1); state-duration == animation-length is NOT claimed (UNREACHED-AB-2)
records/creatures/enemies/groblefrost_b01.dbr,1,records/creatures/enemies/anm/anm_groblefrost.dbr,30,HAS-ALERT,sHanded,1,creatures/enemies/groble/anm/groble01_alert.anm,resources/Creatures.arc,44,68,1.0,100.0,2.26667,frames DECODED from the .anm header (field1); seconds DERIVED at the universally-constant rate field 30 and NOT decoded as fps (UNREACHED-AB-1); state-duration == animation-length is NOT claimed (UNREACHED-AB-2)
records/creatures/enemies/groblefrost_b01.dbr,1,records/creatures/enemies/anm/anm_groblefrost.dbr,30,HAS-ALERT,staff,1,creatures/enemies/groble/anm/groble01_alert.anm,resources/Creatures.arc,44,68,1.0,100.0,2.26667,frames DECODED from the .anm header (field1); seconds DERIVED at the universally-constant rate field 30 and NOT decoded as fps (UNREACHED-AB-1); state-duration == animation-length is NOT claimed (UNREACHED-AB-2)
records/creatures/enemies/groblefrost_b01.dbr,1,records/creatures/enemies/anm/anm_groblefrost.dbr,30,HAS-ALERT,unarmed,1,creatures/enemies/groble/anm/groble01_alert.anm,resources/Creatures.arc,44,68,1.0,100.0,2.26667,frames DECODED from the .anm header (field1); seconds DERIVED at the universally-constant rate field 30 and NOT decoded as fps (UNREACHED-AB-1); state-duration == animation-length is NOT claimed (UNREACHED-AB-2)
records/creatures/enemies/hero/aetherialcorruption_h01.dbr,3,records/creatures/enemies/anm/anm_aetherialcorruption.dbr,0,HAS-ALERT,dHanded,1,creatures/enemies/zombie/anm/zombie01_unarmed_alert_a01.anm,resources/Creatures.arc,28,71,1.0,100.0,2.36667,frames DECODED from the .anm header (field1); seconds DERIVED at the universally-constant rate field 30 and NOT decoded as fps (UNREACHED-AB-1); state-duration == animation-length is NOT claimed (UNREACHED-AB-2)
records/creatures/enemies/hero/aetherialcorruption_h01.dbr,3,records/creatures/enemies/anm/anm_aetherialcorruption.dbr,0,HAS-ALERT,sHanded,1,creatures/enemies/zombie/anm/zombie01_unarmed_alert_a01.anm,resources/Creatures.arc,28,71,1.0,100.0,2.36667,frames DECODED from the .anm header (field1); seconds DERIVED at the universally-constant rate field 30 and NOT decoded as fps (UNREACHED-AB-1); state-duration == animation-length is NOT claimed (UNREACHED-AB-2)
records/creatures/enemies/hero/aetherialcorruption_h01.dbr,3,records/creatures/enemies/anm/anm_aetherialcorruption.dbr,0,HAS-ALERT,unarmed,1,creatures/enemies/aetherialcorruption/animations/aetherialcorruption_attack_d01.anm,gdx1/resources/Creatures.arc,25,49,1.0,100.0,1.63333,frames DECODED from the .anm header (field1); seconds DERIVED at the universally-constant rate field 30 and NOT decoded as fps (UNREACHED-AB-1); state-duration == animation-length is NOT claimed (UNREACHED-AB-2)
records/creatures/enemies/hero/aetherialimp_h02.dbr,1,records/creatures/enemies/anm/anm_aetherialimp.dbr,0,HAS-ALERT,unarmed,1,creatures/enemies/aetherialimp/animation/aetherialimp_alert_a01.anm,gdx1/resources/Creatures.arc,35,41,1.0,100.0,1.36667,frames DECODED from the .anm header (field1); seconds DERIVED at the universally-constant rate field 30 and NOT decoded as fps (UNREACHED-AB-1); state-duration == animation-length is NOT claimed (UNREACHED-AB-2)
records/creatures/enemies/hero/aetherialimp_h03.dbr,1,records/creatures/enemies/anm/anm_aetherialimp.dbr,0,HAS-ALERT,unarmed,1,creatures/enemies/aetherialimp/animation/aetherialimp_alert_a01.anm,gdx1/resources/Creatures.arc,35,41,1.0,100.0,1.36667,frames DECODED from the .anm header (field1); seconds DERIVED at the universally-constant rate field 30 and NOT decoded as fps (UNREACHED-AB-1); state-duration == animation-length is NOT claimed (UNREACHED-AB-2)
records/creatures/enemies/hero/aetherialimp_h04.dbr,1,records/creatures/enemies/anm/anm_aetherialimp.dbr,0,HAS-ALERT,unarmed,1,creatures/enemies/aetherialimp/animation/aetherialimp_alert_a01.anm,gdx1/resources/Creatures.arc,35,41,1.0,100.0,1.36667,frames DECODED from the .anm header (field1); seconds DERIVED at the universally-constant rate field 30 and NOT decoded as fps (UNREACHED-AB-1); state-duration == animation-length is NOT claimed (UNREACHED-AB-2)
records/creatures/enemies/hero/basilisk_h01.dbr,1,records/creatures/enemies/anm/anm_basilisk.dbr,0,HAS-ALERT,unarmed,1,creatures/enemies/basilisk/animation/basilisk_alert_a01.anm,gdx1/resources/Creatures.arc,19,45,1.0,100.0,1.5,frames DECODED from the .anm header (field1); seconds DERIVED at the universally-constant rate field 30 and NOT decoded as fps (UNREACHED-AB-1); state-duration == animation-length is NOT claimed (UNREACHED-AB-2)
records/creatures/enemies/hero/basilisk_h02.dbr,1,records/creatures/enemies/anm/anm_basilisk.dbr,0,HAS-ALERT,unarmed,1,creatures/enemies/basilisk/animation/basilisk_alert_a01.anm,gdx1/resources/Creatures.arc,19,45,1.0,100.0,1.5,frames DECODED from the .anm header (field1); seconds DERIVED at the universally-constant rate field 30 and NOT decoded as fps (UNREACHED-AB-1); state-duration == animation-length is NOT claimed (UNREACHED-AB-2)
records/creatures/enemies/hero/basilisk_h03.dbr,1,records/creatures/enemies/anm/anm_basilisk.dbr,0,HAS-ALERT,unarmed,1,creatures/enemies/basilisk/animation/basilisk_alert_a01.anm,gdx1/resources/Creatures.arc,19,45,1.0,100.0,1.5,frames DECODED from the .anm header (field1); seconds DERIVED at the universally-constant rate field 30 and NOT decoded as fps (UNREACHED-AB-1); state-duration == animation-length is NOT claimed (UNREACHED-AB-2)
records/creatures/enemies/hero/hypporaven_h01.dbr,2,records/creatures/enemies/anm/anm_hypporaven.dbr,30,HAS-ALERT,unarmed,1,creatures/enemies/gryphon/anm/gryphon01a_alert_a01.anm,gdx2/resources/Creatures.arc,68,51,1.0,100.0,1.7,frames DECODED from the .anm header (field1); seconds DERIVED at the universally-constant rate field 30 and NOT decoded as fps (UNREACHED-AB-1); state-duration == animation-length is NOT claimed (UNREACHED-AB-2)
records/creatures/enemies/hero/hypporaven_h03.dbr,1,records/creatures/enemies/anm/anm_hypporaven.dbr,30,HAS-ALERT,unarmed,1,creatures/enemies/gryphon/anm/gryphon01a_alert_a01.anm,gdx2/resources/Creatures.arc,68,51,1.0,100.0,1.7,frames DECODED from the .anm header (field1); seconds DERIVED at the universally-constant rate field 30 and NOT decoded as fps (UNREACHED-AB-1); state-duration == animation-length is NOT claimed (UNREACHED-AB-2)
records/creatures/enemies/hero/springscrab_h01.dbr,1,records/creatures/enemies/anm/anm_swampcrab.dbr,30,HAS-ALERT,unarmed,1,creatures/enemies/crabmonstrosity/animation/crabmonstrosity_alert_a01.anm,gdx1/resources/Creatures.arc,28,49,1.0,100.0,1.63333,frames DECODED from the .anm header (field1); seconds DERIVED at the universally-constant rate field 30 and NOT decoded as fps (UNREACHED-AB-1); state-duration == animation-length is NOT claimed (UNREACHED-AB-2)
records/creatures/enemies/hero/springscrab_h02.dbr,1,records/creatures/enemies/anm/anm_swampcrab.dbr,30,HAS-ALERT,unarmed,1,creatures/enemies/crabmonstrosity/animation/crabmonstrosity_alert_a01.anm,gdx1/resources/Creatures.arc,28,49,1.0,100.0,1.63333,frames DECODED from the .anm header (field1); seconds DERIVED at the universally-constant rate field 30 and NOT decoded as fps (UNREACHED-AB-1); state-duration == animation-length is NOT claimed (UNREACHED-AB-2)
records/creatures/enemies/hero/springscrab_h04.dbr,1,records/creatures/enemies/anm/anm_swampcrab.dbr,30,HAS-ALERT,unarmed,1,creatures/enemies/crabmonstrosity/animation/crabmonstrosity_alert_a01.anm,gdx1/resources/Creatures.arc,28,49,1.0,100.0,1.63333,frames DECODED from the .anm header (field1); seconds DERIVED at the universally-constant rate field 30 and NOT decoded as fps (UNREACHED-AB-1); state-duration == animation-length is NOT claimed (UNREACHED-AB-2)
records/creatures/enemies/hero/swampgolem_h01.dbr,1,records/creatures/enemies/anm/anm_swampgolem_phase01.dbr,100,HAS-ALERT,unarmed,1,creatures/enemies/golem/animation/golemswamp_phase01_alert_a01.anm,gdx1/resources/Creatures.arc,35,74,1.0,100.0,2.46667,frames DECODED from the .anm header (field1); seconds DERIVED at the universally-constant rate field 30 and NOT decoded as fps (UNREACHED-AB-1); state-duration == animation-length is NOT claimed (UNREACHED-AB-2)
records/creatures/enemies/hero/swampgolem_h02.dbr,1,records/creatures/enemies/anm/anm_swampgolem_phase01.dbr,100,HAS-ALERT,unarmed,1,creatures/enemies/golem/animation/golemswamp_phase01_alert_a01.anm,gdx1/resources/Creatures.arc,35,74,1.0,100.0,2.46667,frames DECODED from the .anm header (field1); seconds DERIVED at the universally-constant rate field 30 and NOT decoded as fps (UNREACHED-AB-1); state-duration == animation-length is NOT claimed (UNREACHED-AB-2)
records/creatures/enemies/hero/swampgolem_h05.dbr,1,records/creatures/enemies/anm/anm_swampgolem_phase01.dbr,100,HAS-ALERT,unarmed,1,creatures/enemies/golem/animation/golemswamp_phase01_alert_a01.anm,gdx1/resources/Creatures.arc,35,74,1.0,100.0,2.46667,frames DECODED from the .anm header (field1); seconds DERIVED at the universally-constant rate field 30 and NOT decoded as fps (UNREACHED-AB-1); state-duration == animation-length is NOT claimed (UNREACHED-AB-2)
records/creatures/enemies/hero/wendigo_h01.dbr,2,records/creatures/enemies/anm/anm_wendigo.dbr,0,ALERT-SLOT-EMPTY,,,,,,,,,,frames DECODED from the .anm header (field1); seconds DERIVED at the universally-constant rate field 30 and NOT decoded as fps (UNREACHED-AB-1); state-duration == animation-length is NOT claimed (UNREACHED-AB-2)
records/creatures/enemies/hero/wendigo_h04.dbr,1,records/creatures/enemies/anm/anm_wendigo.dbr,0,ALERT-SLOT-EMPTY,,,,,,,,,,frames DECODED from the .anm header (field1); seconds DERIVED at the universally-constant rate field 30 and NOT decoded as fps (UNREACHED-AB-1); state-duration == animation-length is NOT claimed (UNREACHED-AB-2)
records/creatures/enemies/livingplant_a01.dbr,5,records/creatures/enemies/anm/anm_carnivorousplant_p2.dbr,0,ALERT-SLOT-EMPTY,,,,,,,,,,frames DECODED from the .anm header (field1); seconds DERIVED at the universally-constant rate field 30 and NOT decoded as fps (UNREACHED-AB-1); state-duration == animation-length is NOT claimed (UNREACHED-AB-2)
records/creatures/enemies/nemesis/nemesis_aetherialvanguard_01.dbr,1,records/creatures/enemies/anm/anm_nemesisascended.dbr,0,ALERT-SLOT-EMPTY,,,,,,,,,,frames DECODED from the .anm header (field1); seconds DERIVED at the universally-constant rate field 30 and NOT decoded as fps (UNREACHED-AB-1); state-duration == animation-length is NOT claimed (UNREACHED-AB-2)
records/creatures/enemies/nemesis/nemesis_beast_01_p1.dbr,1,records/creatures/enemies/anm/anm_yetinemesis.dbr,0,HAS-ALERT,unarmed,1,creatures/enemies/yeti/anm/yeti_roar_a01.anm,resources/Creatures.arc,34,41,1.0,100.0,1.36667,frames DECODED from the .anm header (field1); seconds DERIVED at the universally-constant rate field 30 and NOT decoded as fps (UNREACHED-AB-1); state-duration == animation-length is NOT claimed (UNREACHED-AB-2)
records/creatures/enemies/nemesis/nemesis_kymon_01.dbr,1,records/creatures/enemies/anm/anm_humankurnmale.dbr,30,ALERT-SLOT-EMPTY,,,,,,,,,,frames DECODED from the .anm header (field1); seconds DERIVED at the universally-constant rate field 30 and NOT decoded as fps (UNREACHED-AB-1); state-duration == animation-length is NOT claimed (UNREACHED-AB-2)
records/creatures/enemies/nemesis/nemesis_wendigo_01.dbr,1,records/creatures/enemies/anm/anm_wendigo.dbr,0,ALERT-SLOT-EMPTY,,,,,,,,,,frames DECODED from the .anm header (field1); seconds DERIVED at the universally-constant rate field 30 and NOT decoded as fps (UNREACHED-AB-1); state-duration == animation-length is NOT claimed (UNREACHED-AB-2)
records/creatures/enemies/sandlizard_volcanic_a01.dbr,2,records/creatures/enemies/anm/anm_sandlizard.dbr,0,HAS-ALERT,unarmed,1,creatures/enemies/sandlizard/anm/sandlizard_alert_a01.anm,gdx2/resources/Creatures.arc,45,41,1.0,100.0,1.36667,frames DECODED from the .anm header (field1); seconds DERIVED at the universally-constant rate field 30 and NOT decoded as fps (UNREACHED-AB-1); state-duration == animation-length is NOT claimed (UNREACHED-AB-2)
records/creatures/enemies/sandlizard_volcanic_b01.dbr,2,records/creatures/enemies/anm/anm_sandlizard.dbr,0,HAS-ALERT,unarmed,1,creatures/enemies/sandlizard/anm/sandlizard_alert_a01.anm,gdx2/resources/Creatures.arc,45,41,1.0,100.0,1.36667,frames DECODED from the .anm header (field1); seconds DERIVED at the universally-constant rate field 30 and NOT decoded as fps (UNREACHED-AB-1); state-duration == animation-length is NOT claimed (UNREACHED-AB-2)
records/creatures/enemies/sandlizard_volcanic_b02.dbr,1,records/creatures/enemies/anm/anm_sandlizard.dbr,0,HAS-ALERT,unarmed,1,creatures/enemies/sandlizard/anm/sandlizard_alert_a01.anm,gdx2/resources/Creatures.arc,45,41,1.0,100.0,1.36667,frames DECODED from the .anm header (field1); seconds DERIVED at the universally-constant rate field 30 and NOT decoded as fps (UNREACHED-AB-1); state-duration == animation-length is NOT claimed (UNREACHED-AB-2)
records/creatures/enemies/sandlizard_volcanic_c01.dbr,2,records/creatures/enemies/anm/anm_sandlizard.dbr,0,HAS-ALERT,unarmed,1,creatures/enemies/sandlizard/anm/sandlizard_alert_a01.anm,gdx2/resources/Creatures.arc,45,41,1.0,100.0,1.36667,frames DECODED from the .anm header (field1); seconds DERIVED at the universally-constant rate field 30 and NOT decoded as fps (UNREACHED-AB-1); state-duration == animation-length is NOT claimed (UNREACHED-AB-2)
records/creatures/enemies/swampcrab_a01.dbr,2,records/creatures/enemies/anm/anm_swampcrab.dbr,0,HAS-ALERT,unarmed,1,creatures/enemies/crabmonstrosity/animation/crabmonstrosity_alert_a01.anm,gdx1/resources/Creatures.arc,28,49,1.0,100.0,1.63333,frames DECODED from the .anm header (field1); seconds DERIVED at the universally-constant rate field 30 and NOT decoded as fps (UNREACHED-AB-1); state-duration == animation-length is NOT claimed (UNREACHED-AB-2)
records/creatures/enemies/swampcrab_b01.dbr,3,records/creatures/enemies/anm/anm_swampcrab.dbr,0,HAS-ALERT,unarmed,1,creatures/enemies/crabmonstrosity/animation/crabmonstrosity_alert_a01.anm,gdx1/resources/Creatures.arc,28,49,1.0,100.0,1.63333,frames DECODED from the .anm header (field1); seconds DERIVED at the universally-constant rate field 30 and NOT decoded as fps (UNREACHED-AB-1); state-duration == animation-length is NOT claimed (UNREACHED-AB-2)
records/creatures/enemies/swampcrab_c01.dbr,3,records/creatures/enemies/anm/anm_swampcrab.dbr,0,HAS-ALERT,unarmed,1,creatures/enemies/crabmonstrosity/animation/crabmonstrosity_alert_a01.anm,gdx1/resources/Creatures.arc,28,49,1.0,100.0,1.63333,frames DECODED from the .anm header (field1); seconds DERIVED at the universally-constant rate field 30 and NOT decoded as fps (UNREACHED-AB-1); state-duration == animation-length is NOT claimed (UNREACHED-AB-2)
records/creatures/enemies/swampgolem_a01.dbr,4,records/creatures/enemies/anm/anm_swampgolem_phase01.dbr,0,HAS-ALERT,unarmed,1,creatures/enemies/golem/animation/golemswamp_phase01_alert_a01.anm,gdx1/resources/Creatures.arc,35,74,1.0,100.0,2.46667,frames DECODED from the .anm header (field1); seconds DERIVED at the universally-constant rate field 30 and NOT decoded as fps (UNREACHED-AB-1); state-duration == animation-length is NOT claimed (UNREACHED-AB-2)
records/creatures/enemies/thornedhorrorfrost_a01.dbr,1,records/creatures/enemies/anm/anm_thornedhorrorfrost.dbr,30,HAS-ALERT,unarmed,1,creatures/enemies/thornedhorror/anm/thornedhorrora01_alert_01.anm,resources/Creatures.arc,24,66,1.0,100.0,2.2,frames DECODED from the .anm header (field1); seconds DERIVED at the universally-constant rate field 30 and NOT decoded as fps (UNREACHED-AB-1); state-duration == animation-length is NOT claimed (UNREACHED-AB-2)
records/creatures/enemies/thornedhorrorfrost_b01.dbr,4,records/creatures/enemies/anm/anm_thornedhorrorfrost.dbr,30,HAS-ALERT,unarmed,1,creatures/enemies/thornedhorror/anm/thornedhorrora01_alert_01.anm,resources/Creatures.arc,24,66,1.0,100.0,2.2,frames DECODED from the .anm header (field1); seconds DERIVED at the universally-constant rate field 30 and NOT decoded as fps (UNREACHED-AB-1); state-duration == animation-length is NOT claimed (UNREACHED-AB-2)
records/creatures/enemies/thornedhorrorfrost_c01.dbr,2,records/creatures/enemies/anm/anm_thornedhorrorfrost.dbr,30,HAS-ALERT,unarmed,1,creatures/enemies/thornedhorror/anm/thornedhorrora01_alert_01.anm,resources/Creatures.arc,24,66,1.0,100.0,2.2,frames DECODED from the .anm header (field1); seconds DERIVED at the universally-constant rate field 30 and NOT decoded as fps (UNREACHED-AB-1); state-duration == animation-length is NOT claimed (UNREACHED-AB-2)
records/creatures/enemies/wendigo_a01.dbr,1,records/creatures/enemies/anm/anm_wendigo.dbr,0,ALERT-SLOT-EMPTY,,,,,,,,,,frames DECODED from the .anm header (field1); seconds DERIVED at the universally-constant rate field 30 and NOT decoded as fps (UNREACHED-AB-1); state-duration == animation-length is NOT claimed (UNREACHED-AB-2)
records/creatures/enemies/wendigo_b02.dbr,1,records/creatures/enemies/anm/anm_wendigo.dbr,0,ALERT-SLOT-EMPTY,,,,,,,,,,frames DECODED from the .anm header (field1); seconds DERIVED at the universally-constant rate field 30 and NOT decoded as fps (UNREACHED-AB-1); state-duration == animation-length is NOT claimed (UNREACHED-AB-2)
records/creatures/enemies/wendigo_c01.dbr,1,records/creatures/enemies/anm/anm_wendigo.dbr,0,ALERT-SLOT-EMPTY,,,,,,,,,,frames DECODED from the .anm header (field1); seconds DERIVED at the universally-constant rate field 30 and NOT decoded as fps (UNREACHED-AB-1); state-duration == animation-length is NOT claimed (UNREACHED-AB-2)
records/creatures/enemies/wendigocannibal_b01.dbr,3,records/creatures/enemies/anm/anm_cannibal.dbr,0,HAS-ALERT,unarmed,1,creatures/enemies/wendigo/animations/cannibal_alert_a01.anm,gdx1/resources/Creatures.arc,41,41,1.0,100.0,1.36667,frames DECODED from the .anm header (field1); seconds DERIVED at the universally-constant rate field 30 and NOT decoded as fps (UNREACHED-AB-1); state-duration == animation-length is NOT claimed (UNREACHED-AB-2)
records/creatures/enemies/yetidire_a01.dbr,6,records/creatures/enemies/anm/anm_yeti.dbr,30,HAS-ALERT,unarmed,1,creatures/enemies/yeti/anm/yeti_roar_a01.anm,resources/Creatures.arc,34,41,1.0,100.0,1.36667,frames DECODED from the .anm header (field1); seconds DERIVED at the universally-constant rate field 30 and NOT decoded as fps (UNREACHED-AB-1); state-duration == animation-length is NOT claimed (UNREACHED-AB-2)
records/creatures/enemies/yetidire_c01.dbr,1,records/creatures/enemies/anm/anm_yeti.dbr,30,HAS-ALERT,unarmed,1,creatures/enemies/yeti/anm/yeti_roar_a01.anm,resources/Creatures.arc,34,41,1.0,100.0,1.36667,frames DECODED from the .anm header (field1); seconds DERIVED at the universally-constant rate field 30 and NOT decoded as fps (UNREACHED-AB-1); state-duration == animation-length is NOT claimed (UNREACHED-AB-2)
