chain_id,tick_idx,t_s,frame,gap_frames,magnitude_hp,implied_rate_hp_per_s,basis
0,0,689.7500,41385,,14,140.0,"MEASURED - Lap K I-1 exact printed integer HP, 60fps, adjacent-frame delta"
0,1,689.8500,41391,6,16,160.0,"MEASURED - Lap K I-1 exact printed integer HP, 60fps, adjacent-frame delta"
0,2,689.9667,41398,7,339,3390.0,"MEASURED - Lap K I-1 exact printed integer HP, 60fps, adjacent-frame delta"
0,3,690.0667,41404,6,13,130.0,"MEASURED - Lap K I-1 exact printed integer HP, 60fps, adjacent-frame delta"
0,4,690.1667,41410,6,13,130.0,"MEASURED - Lap K I-1 exact printed integer HP, 60fps, adjacent-frame delta"
0,5,690.2667,41416,6,13,130.0,"MEASURED - Lap K I-1 exact printed integer HP, 60fps, adjacent-frame delta"
0,6,690.3833,41423,7,13,130.0,"MEASURED - Lap K I-1 exact printed integer HP, 60fps, adjacent-frame delta"
0,7,690.4833,41429,6,14,140.0,"MEASURED - Lap K I-1 exact printed integer HP, 60fps, adjacent-frame delta"
0,8,690.5833,41435,6,14,140.0,"MEASURED - Lap K I-1 exact printed integer HP, 60fps, adjacent-frame delta"
0,9,690.6833,41441,6,14,140.0,"MEASURED - Lap K I-1 exact printed integer HP, 60fps, adjacent-frame delta"
0,10,690.8000,41448,7,14,140.0,"MEASURED - Lap K I-1 exact printed integer HP, 60fps, adjacent-frame delta"
0,11,690.9000,41454,6,16,160.0,"MEASURED - Lap K I-1 exact printed integer HP, 60fps, adjacent-frame delta"
0,12,690.9833,41459,5,26,260.0,"MEASURED - Lap K I-1 exact printed integer HP, 60fps, adjacent-frame delta"
1,0,712.3333,42740,,122,1220.0,"MEASURED - Lap K I-1 exact printed integer HP, 60fps, adjacent-frame delta"
1,1,712.4333,42746,6,124,1240.0,"MEASURED - Lap K I-1 exact printed integer HP, 60fps, adjacent-frame delta"
1,2,712.5333,42752,6,124,1240.0,"MEASURED - Lap K I-1 exact printed integer HP, 60fps, adjacent-frame delta"
1,3,712.6333,42758,6,124,1240.0,"MEASURED - Lap K I-1 exact printed integer HP, 60fps, adjacent-frame delta"
2,0,724.7167,43483,,41,410.0,"MEASURED - Lap K I-1 exact printed integer HP, 60fps, adjacent-frame delta"
2,1,724.8167,43489,6,41,410.0,"MEASURED - Lap K I-1 exact printed integer HP, 60fps, adjacent-frame delta"
2,2,724.9000,43494,5,41,410.0,"MEASURED - Lap K I-1 exact printed integer HP, 60fps, adjacent-frame delta"
2,3,725.0000,43500,6,41,410.0,"MEASURED - Lap K I-1 exact printed integer HP, 60fps, adjacent-frame delta"
2,4,725.1000,43506,6,28,280.0,"MEASURED - Lap K I-1 exact printed integer HP, 60fps, adjacent-frame delta"
3,0,725.2167,43513,,10,100.0,"MEASURED - Lap K I-1 exact printed integer HP, 60fps, adjacent-frame delta"
3,1,725.3000,43518,5,28,280.0,"MEASURED - Lap K I-1 exact printed integer HP, 60fps, adjacent-frame delta"
3,2,725.4000,43524,6,29,290.0,"MEASURED - Lap K I-1 exact printed integer HP, 60fps, adjacent-frame delta"
3,3,725.5000,43530,6,28,280.0,"MEASURED - Lap K I-1 exact printed integer HP, 60fps, adjacent-frame delta"
3,4,725.5833,43535,5,28,280.0,"MEASURED - Lap K I-1 exact printed integer HP, 60fps, adjacent-frame delta"
3,5,725.7000,43542,7,28,280.0,"MEASURED - Lap K I-1 exact printed integer HP, 60fps, adjacent-frame delta"
4,0,733.7833,44027,,3184,31840.0,"MEASURED - Lap K I-1 exact printed integer HP, 60fps, adjacent-frame delta"
4,1,733.8833,44033,6,50,500.0,"MEASURED - Lap K I-1 exact printed integer HP, 60fps, adjacent-frame delta"
4,2,734.0000,44040,7,50,500.0,"MEASURED - Lap K I-1 exact printed integer HP, 60fps, adjacent-frame delta"
4,3,734.1000,44046,6,50,500.0,"MEASURED - Lap K I-1 exact printed integer HP, 60fps, adjacent-frame delta"
4,4,734.1833,44051,5,49,490.0,"MEASURED - Lap K I-1 exact printed integer HP, 60fps, adjacent-frame delta"
5,0,735.3167,44119,,74,740.0,"MEASURED - Lap K I-1 exact printed integer HP, 60fps, adjacent-frame delta"
5,1,735.4167,44125,6,74,740.0,"MEASURED - Lap K I-1 exact printed integer HP, 60fps, adjacent-frame delta"
5,2,735.5333,44132,7,74,740.0,"MEASURED - Lap K I-1 exact printed integer HP, 60fps, adjacent-frame delta"
5,3,735.6333,44138,6,71,710.0,"MEASURED - Lap K I-1 exact printed integer HP, 60fps, adjacent-frame delta"
5,4,735.7333,44144,6,71,710.0,"MEASURED - Lap K I-1 exact printed integer HP, 60fps, adjacent-frame delta"
5,5,735.8167,44149,5,50,500.0,"MEASURED - Lap K I-1 exact printed integer HP, 60fps, adjacent-frame delta"
5,6,735.9167,44155,6,27,270.0,"MEASURED - Lap K I-1 exact printed integer HP, 60fps, adjacent-frame delta"
6,0,738.3833,44303,,12,120.0,"MEASURED - Lap K I-1 exact printed integer HP, 60fps, adjacent-frame delta"
6,1,738.4667,44308,5,76,760.0,"MEASURED - Lap K I-1 exact printed integer HP, 60fps, adjacent-frame delta"
6,2,738.5667,44314,6,86,860.0,"MEASURED - Lap K I-1 exact printed integer HP, 60fps, adjacent-frame delta"
6,3,738.6833,44321,7,13,130.0,"MEASURED - Lap K I-1 exact printed integer HP, 60fps, adjacent-frame delta"
6,4,738.7667,44326,5,10,100.0,"MEASURED - Lap K I-1 exact printed integer HP, 60fps, adjacent-frame delta"
7,0,744.8167,44689,,14,140.0,"MEASURED - Lap K I-1 exact printed integer HP, 60fps, adjacent-frame delta"
7,1,744.9167,44695,6,14,140.0,"MEASURED - Lap K I-1 exact printed integer HP, 60fps, adjacent-frame delta"
7,2,745.0333,44702,7,15,150.0,"MEASURED - Lap K I-1 exact printed integer HP, 60fps, adjacent-frame delta"
7,3,745.1333,44708,6,14,140.0,"MEASURED - Lap K I-1 exact printed integer HP, 60fps, adjacent-frame delta"
7,4,745.2333,44714,6,15,150.0,"MEASURED - Lap K I-1 exact printed integer HP, 60fps, adjacent-frame delta"
7,5,745.3333,44720,6,15,150.0,"MEASURED - Lap K I-1 exact printed integer HP, 60fps, adjacent-frame delta"
7,6,745.4333,44726,6,14,140.0,"MEASURED - Lap K I-1 exact printed integer HP, 60fps, adjacent-frame delta"
7,7,745.5500,44733,7,15,150.0,"MEASURED - Lap K I-1 exact printed integer HP, 60fps, adjacent-frame delta"
7,8,745.6500,44739,6,14,140.0,"MEASURED - Lap K I-1 exact printed integer HP, 60fps, adjacent-frame delta"
7,9,745.7500,44745,6,14,140.0,"MEASURED - Lap K I-1 exact printed integer HP, 60fps, adjacent-frame delta"
7,10,745.8333,44750,5,14,140.0,"MEASURED - Lap K I-1 exact printed integer HP, 60fps, adjacent-frame delta"
7,11,745.9333,44756,6,14,140.0,"MEASURED - Lap K I-1 exact printed integer HP, 60fps, adjacent-frame delta"
7,12,746.0500,44763,7,13,130.0,"MEASURED - Lap K I-1 exact printed integer HP, 60fps, adjacent-frame delta"
7,13,746.1500,44769,6,14,140.0,"MEASURED - Lap K I-1 exact printed integer HP, 60fps, adjacent-frame delta"
7,14,746.2500,44775,6,15,150.0,"MEASURED - Lap K I-1 exact printed integer HP, 60fps, adjacent-frame delta"
7,15,746.3667,44782,7,14,140.0,"MEASURED - Lap K I-1 exact printed integer HP, 60fps, adjacent-frame delta"
7,16,746.4500,44787,5,14,140.0,"MEASURED - Lap K I-1 exact printed integer HP, 60fps, adjacent-frame delta"
7,17,746.5667,44794,7,15,150.0,"MEASURED - Lap K I-1 exact printed integer HP, 60fps, adjacent-frame delta"
7,18,746.6667,44800,6,15,150.0,"MEASURED - Lap K I-1 exact printed integer HP, 60fps, adjacent-frame delta"
7,19,746.7667,44806,6,14,140.0,"MEASURED - Lap K I-1 exact printed integer HP, 60fps, adjacent-frame delta"
7,20,746.8667,44812,6,14,140.0,"MEASURED - Lap K I-1 exact printed integer HP, 60fps, adjacent-frame delta"
7,21,746.9833,44819,7,14,140.0,"MEASURED - Lap K I-1 exact printed integer HP, 60fps, adjacent-frame delta"
7,22,747.0833,44825,6,14,140.0,"MEASURED - Lap K I-1 exact printed integer HP, 60fps, adjacent-frame delta"
7,23,747.1833,44831,6,14,140.0,"MEASURED - Lap K I-1 exact printed integer HP, 60fps, adjacent-frame delta"
7,24,747.3000,44838,7,14,140.0,"MEASURED - Lap K I-1 exact printed integer HP, 60fps, adjacent-frame delta"
7,25,747.3833,44843,5,14,140.0,"MEASURED - Lap K I-1 exact printed integer HP, 60fps, adjacent-frame delta"
7,26,747.4833,44849,6,14,140.0,"MEASURED - Lap K I-1 exact printed integer HP, 60fps, adjacent-frame delta"
8,0,751.7333,45104,,159,1590.0,"MEASURED - Lap K I-1 exact printed integer HP, 60fps, adjacent-frame delta"
8,1,751.8167,45109,5,15,150.0,"MEASURED - Lap K I-1 exact printed integer HP, 60fps, adjacent-frame delta"
8,2,751.9000,45114,5,15,150.0,"MEASURED - Lap K I-1 exact printed integer HP, 60fps, adjacent-frame delta"
8,3,752.0000,45120,6,536,5360.0,"MEASURED - Lap K I-1 exact printed integer HP, 60fps, adjacent-frame delta"
9,0,757.0667,45424,,380,3800.0,"MEASURED - Lap K I-1 exact printed integer HP, 60fps, adjacent-frame delta"
9,1,757.1500,45429,5,52,520.0,"MEASURED - Lap K I-1 exact printed integer HP, 60fps, adjacent-frame delta"
9,2,757.2667,45436,7,54,540.0,"MEASURED - Lap K I-1 exact printed integer HP, 60fps, adjacent-frame delta"
9,3,757.3667,45442,6,54,540.0,"MEASURED - Lap K I-1 exact printed integer HP, 60fps, adjacent-frame delta"
9,4,757.4833,45449,7,54,540.0,"MEASURED - Lap K I-1 exact printed integer HP, 60fps, adjacent-frame delta"
10,0,757.5500,45453,,54,540.0,"MEASURED - Lap K I-1 exact printed integer HP, 60fps, adjacent-frame delta"
10,1,757.6500,45459,6,54,540.0,"MEASURED - Lap K I-1 exact printed integer HP, 60fps, adjacent-frame delta"
10,2,757.7500,45465,6,54,540.0,"MEASURED - Lap K I-1 exact printed integer HP, 60fps, adjacent-frame delta"
10,3,757.8500,45471,6,54,540.0,"MEASURED - Lap K I-1 exact printed integer HP, 60fps, adjacent-frame delta"
10,4,757.9667,45478,7,54,540.0,"MEASURED - Lap K I-1 exact printed integer HP, 60fps, adjacent-frame delta"
11,0,758.1667,45490,,54,540.0,"MEASURED - Lap K I-1 exact printed integer HP, 60fps, adjacent-frame delta"
11,1,758.2833,45497,7,54,540.0,"MEASURED - Lap K I-1 exact printed integer HP, 60fps, adjacent-frame delta"
11,2,758.3667,45502,5,10,100.0,"MEASURED - Lap K I-1 exact printed integer HP, 60fps, adjacent-frame delta"
11,3,758.4667,45508,6,10,100.0,"MEASURED - Lap K I-1 exact printed integer HP, 60fps, adjacent-frame delta"
11,4,758.5833,45515,7,54,540.0,"MEASURED - Lap K I-1 exact printed integer HP, 60fps, adjacent-frame delta"
11,5,758.6833,45521,6,54,540.0,"MEASURED - Lap K I-1 exact printed integer HP, 60fps, adjacent-frame delta"
11,6,758.7833,45527,6,54,540.0,"MEASURED - Lap K I-1 exact printed integer HP, 60fps, adjacent-frame delta"
11,7,758.9000,45534,7,54,540.0,"MEASURED - Lap K I-1 exact printed integer HP, 60fps, adjacent-frame delta"
11,8,758.9833,45539,5,54,540.0,"MEASURED - Lap K I-1 exact printed integer HP, 60fps, adjacent-frame delta"
11,9,759.0833,45545,6,54,540.0,"MEASURED - Lap K I-1 exact printed integer HP, 60fps, adjacent-frame delta"
11,10,759.2000,45552,7,54,540.0,"MEASURED - Lap K I-1 exact printed integer HP, 60fps, adjacent-frame delta"
11,11,759.3000,45558,6,54,540.0,"MEASURED - Lap K I-1 exact printed integer HP, 60fps, adjacent-frame delta"
11,12,759.4167,45565,7,54,540.0,"MEASURED - Lap K I-1 exact printed integer HP, 60fps, adjacent-frame delta"
11,13,759.5167,45571,6,54,540.0,"MEASURED - Lap K I-1 exact printed integer HP, 60fps, adjacent-frame delta"
11,14,759.6167,45577,6,54,540.0,"MEASURED - Lap K I-1 exact printed integer HP, 60fps, adjacent-frame delta"
11,15,759.7167,45583,6,51,510.0,"MEASURED - Lap K I-1 exact printed integer HP, 60fps, adjacent-frame delta"
11,16,759.8167,45589,6,54,540.0,"MEASURED - Lap K I-1 exact printed integer HP, 60fps, adjacent-frame delta"
12,0,761.8500,45711,,67,670.0,"MEASURED - Lap K I-1 exact printed integer HP, 60fps, adjacent-frame delta"
12,1,761.9500,45717,6,67,670.0,"MEASURED - Lap K I-1 exact printed integer HP, 60fps, adjacent-frame delta"
12,2,762.0667,45724,7,67,670.0,"MEASURED - Lap K I-1 exact printed integer HP, 60fps, adjacent-frame delta"
12,3,762.1667,45730,6,67,670.0,"MEASURED - Lap K I-1 exact printed integer HP, 60fps, adjacent-frame delta"
13,0,762.8333,45770,,204,2040.0,"MEASURED - Lap K I-1 exact printed integer HP, 60fps, adjacent-frame delta"
13,1,762.9167,45775,5,52,520.0,"MEASURED - Lap K I-1 exact printed integer HP, 60fps, adjacent-frame delta"
13,2,763.0167,45781,6,52,520.0,"MEASURED - Lap K I-1 exact printed integer HP, 60fps, adjacent-frame delta"
13,3,763.1000,45786,5,55,550.0,"MEASURED - Lap K I-1 exact printed integer HP, 60fps, adjacent-frame delta"
14,0,768.2667,46096,,12,120.0,"MEASURED - Lap K I-1 exact printed integer HP, 60fps, adjacent-frame delta"
14,1,768.3667,46102,6,12,120.0,"MEASURED - Lap K I-1 exact printed integer HP, 60fps, adjacent-frame delta"
14,2,768.4500,46107,5,12,120.0,"MEASURED - Lap K I-1 exact printed integer HP, 60fps, adjacent-frame delta"
14,3,768.5667,46114,7,12,120.0,"MEASURED - Lap K I-1 exact printed integer HP, 60fps, adjacent-frame delta"
14,4,768.6500,46119,5,9,90.0,"MEASURED - Lap K I-1 exact printed integer HP, 60fps, adjacent-frame delta"
15,0,768.7500,46125,,9,90.0,"MEASURED - Lap K I-1 exact printed integer HP, 60fps, adjacent-frame delta"
15,1,768.8667,46132,7,12,120.0,"MEASURED - Lap K I-1 exact printed integer HP, 60fps, adjacent-frame delta"
15,2,768.9500,46137,5,12,120.0,"MEASURED - Lap K I-1 exact printed integer HP, 60fps, adjacent-frame delta"
15,3,769.0667,46144,7,12,120.0,"MEASURED - Lap K I-1 exact printed integer HP, 60fps, adjacent-frame delta"
15,4,769.1667,46150,6,12,120.0,"MEASURED - Lap K I-1 exact printed integer HP, 60fps, adjacent-frame delta"
15,5,769.2500,46155,5,12,120.0,"MEASURED - Lap K I-1 exact printed integer HP, 60fps, adjacent-frame delta"
15,6,769.3667,46162,7,11,110.0,"MEASURED - Lap K I-1 exact printed integer HP, 60fps, adjacent-frame delta"
15,7,769.4500,46167,5,9,90.0,"MEASURED - Lap K I-1 exact printed integer HP, 60fps, adjacent-frame delta"
15,8,769.5500,46173,6,10,100.0,"MEASURED - Lap K I-1 exact printed integer HP, 60fps, adjacent-frame delta"
15,9,769.6667,46180,7,10,100.0,"MEASURED - Lap K I-1 exact printed integer HP, 60fps, adjacent-frame delta"
16,0,769.9167,46195,,215,2150.0,"MEASURED - Lap K I-1 exact printed integer HP, 60fps, adjacent-frame delta"
16,1,770.0000,46200,5,16,160.0,"MEASURED - Lap K I-1 exact printed integer HP, 60fps, adjacent-frame delta"
16,2,770.1000,46206,6,16,160.0,"MEASURED - Lap K I-1 exact printed integer HP, 60fps, adjacent-frame delta"
16,3,770.2167,46213,7,16,160.0,"MEASURED - Lap K I-1 exact printed integer HP, 60fps, adjacent-frame delta"
16,4,770.3000,46218,5,8,80.0,"MEASURED - Lap K I-1 exact printed integer HP, 60fps, adjacent-frame delta"
16,5,770.4167,46225,7,13,130.0,"MEASURED - Lap K I-1 exact printed integer HP, 60fps, adjacent-frame delta"
16,6,770.5167,46231,6,1069,10690.0,"MEASURED - Lap K I-1 exact printed integer HP, 60fps, adjacent-frame delta"
16,7,770.6167,46237,6,32,320.0,"MEASURED - Lap K I-1 exact printed integer HP, 60fps, adjacent-frame delta"
16,8,770.7167,46243,6,31,310.0,"MEASURED - Lap K I-1 exact printed integer HP, 60fps, adjacent-frame delta"
17,0,770.8333,46250,,32,320.0,"MEASURED - Lap K I-1 exact printed integer HP, 60fps, adjacent-frame delta"
17,1,770.9333,46256,6,31,310.0,"MEASURED - Lap K I-1 exact printed integer HP, 60fps, adjacent-frame delta"
17,2,771.0167,46261,5,31,310.0,"MEASURED - Lap K I-1 exact printed integer HP, 60fps, adjacent-frame delta"
17,3,771.1167,46267,6,31,310.0,"MEASURED - Lap K I-1 exact printed integer HP, 60fps, adjacent-frame delta"
17,4,771.2167,46273,6,34,340.0,"MEASURED - Lap K I-1 exact printed integer HP, 60fps, adjacent-frame delta"
17,5,771.3167,46279,6,34,340.0,"MEASURED - Lap K I-1 exact printed integer HP, 60fps, adjacent-frame delta"
17,6,771.4333,46286,7,34,340.0,"MEASURED - Lap K I-1 exact printed integer HP, 60fps, adjacent-frame delta"
17,7,771.5333,46292,6,34,340.0,"MEASURED - Lap K I-1 exact printed integer HP, 60fps, adjacent-frame delta"
17,8,771.6333,46298,6,16,160.0,"MEASURED - Lap K I-1 exact printed integer HP, 60fps, adjacent-frame delta"
18,0,773.3667,46402,,14,140.0,"MEASURED - Lap K I-1 exact printed integer HP, 60fps, adjacent-frame delta"
18,1,773.4500,46407,5,16,160.0,"MEASURED - Lap K I-1 exact printed integer HP, 60fps, adjacent-frame delta"
18,2,773.5667,46414,7,16,160.0,"MEASURED - Lap K I-1 exact printed integer HP, 60fps, adjacent-frame delta"
18,3,773.6667,46420,6,16,160.0,"MEASURED - Lap K I-1 exact printed integer HP, 60fps, adjacent-frame delta"
19,0,774.0667,46444,,14,140.0,"MEASURED - Lap K I-1 exact printed integer HP, 60fps, adjacent-frame delta"
19,1,774.1833,46451,7,14,140.0,"MEASURED - Lap K I-1 exact printed integer HP, 60fps, adjacent-frame delta"
19,2,774.2667,46456,5,14,140.0,"MEASURED - Lap K I-1 exact printed integer HP, 60fps, adjacent-frame delta"
19,3,774.3667,46462,6,14,140.0,"MEASURED - Lap K I-1 exact printed integer HP, 60fps, adjacent-frame delta"
19,4,774.4833,46469,7,14,140.0,"MEASURED - Lap K I-1 exact printed integer HP, 60fps, adjacent-frame delta"
19,5,774.5833,46475,6,16,160.0,"MEASURED - Lap K I-1 exact printed integer HP, 60fps, adjacent-frame delta"
20,0,775.0000,46500,,11,110.0,"MEASURED - Lap K I-1 exact printed integer HP, 60fps, adjacent-frame delta"
20,1,775.1000,46506,6,11,110.0,"MEASURED - Lap K I-1 exact printed integer HP, 60fps, adjacent-frame delta"
20,2,775.2000,46512,6,11,110.0,"MEASURED - Lap K I-1 exact printed integer HP, 60fps, adjacent-frame delta"
20,3,775.3000,46518,6,10,100.0,"MEASURED - Lap K I-1 exact printed integer HP, 60fps, adjacent-frame delta"
21,0,784.4500,47067,,24,240.0,"MEASURED - Lap K I-1 exact printed integer HP, 60fps, adjacent-frame delta"
21,1,784.5667,47074,7,26,260.0,"MEASURED - Lap K I-1 exact printed integer HP, 60fps, adjacent-frame delta"
21,2,784.6833,47081,7,26,260.0,"MEASURED - Lap K I-1 exact printed integer HP, 60fps, adjacent-frame delta"
21,3,784.7667,47086,5,23,230.0,"MEASURED - Lap K I-1 exact printed integer HP, 60fps, adjacent-frame delta"
21,4,784.8667,47092,6,24,240.0,"MEASURED - Lap K I-1 exact printed integer HP, 60fps, adjacent-frame delta"
21,5,784.9833,47099,7,24,240.0,"MEASURED - Lap K I-1 exact printed integer HP, 60fps, adjacent-frame delta"
21,6,785.0667,47104,5,23,230.0,"MEASURED - Lap K I-1 exact printed integer HP, 60fps, adjacent-frame delta"
21,7,785.1833,47111,7,23,230.0,"MEASURED - Lap K I-1 exact printed integer HP, 60fps, adjacent-frame delta"
21,8,785.2667,47116,5,24,240.0,"MEASURED - Lap K I-1 exact printed integer HP, 60fps, adjacent-frame delta"
22,0,786.9833,47219,,36,360.0,"MEASURED - Lap K I-1 exact printed integer HP, 60fps, adjacent-frame delta"
22,1,787.0667,47224,5,82,820.0,"MEASURED - Lap K I-1 exact printed integer HP, 60fps, adjacent-frame delta"
22,2,787.1667,47230,6,36,360.0,"MEASURED - Lap K I-1 exact printed integer HP, 60fps, adjacent-frame delta"
22,3,787.2500,47235,5,11,110.0,"MEASURED - Lap K I-1 exact printed integer HP, 60fps, adjacent-frame delta"
23,0,792.2833,47537,,398,3980.0,"MEASURED - Lap K I-1 exact printed integer HP, 60fps, adjacent-frame delta"
23,1,792.3833,47543,6,26,260.0,"MEASURED - Lap K I-1 exact printed integer HP, 60fps, adjacent-frame delta"
23,2,792.5000,47550,7,26,260.0,"MEASURED - Lap K I-1 exact printed integer HP, 60fps, adjacent-frame delta"
23,3,792.5833,47555,5,26,260.0,"MEASURED - Lap K I-1 exact printed integer HP, 60fps, adjacent-frame delta"
24,0,793.2000,47592,,23,230.0,"MEASURED - Lap K I-1 exact printed integer HP, 60fps, adjacent-frame delta"
24,1,793.2833,47597,5,23,230.0,"MEASURED - Lap K I-1 exact printed integer HP, 60fps, adjacent-frame delta"
24,2,793.3833,47603,6,26,260.0,"MEASURED - Lap K I-1 exact printed integer HP, 60fps, adjacent-frame delta"
24,3,793.4833,47609,6,26,260.0,"MEASURED - Lap K I-1 exact printed integer HP, 60fps, adjacent-frame delta"
25,0,794.4167,47665,,890,8900.0,"MEASURED - Lap K I-1 exact printed integer HP, 60fps, adjacent-frame delta"
25,1,794.5167,47671,6,38,380.0,"MEASURED - Lap K I-1 exact printed integer HP, 60fps, adjacent-frame delta"
25,2,794.6167,47677,6,37,370.0,"MEASURED - Lap K I-1 exact printed integer HP, 60fps, adjacent-frame delta"
25,3,794.7167,47683,6,40,400.0,"MEASURED - Lap K I-1 exact printed integer HP, 60fps, adjacent-frame delta"
25,4,794.8333,47690,7,40,400.0,"MEASURED - Lap K I-1 exact printed integer HP, 60fps, adjacent-frame delta"
26,0,794.9167,47695,,822,8220.0,"MEASURED - Lap K I-1 exact printed integer HP, 60fps, adjacent-frame delta"
26,1,795.0333,47702,7,7,70.0,"MEASURED - Lap K I-1 exact printed integer HP, 60fps, adjacent-frame delta"
26,2,795.1333,47708,6,39,390.0,"MEASURED - Lap K I-1 exact printed integer HP, 60fps, adjacent-frame delta"
26,3,795.2333,47714,6,39,390.0,"MEASURED - Lap K I-1 exact printed integer HP, 60fps, adjacent-frame delta"
26,4,795.3333,47720,6,39,390.0,"MEASURED - Lap K I-1 exact printed integer HP, 60fps, adjacent-frame delta"
26,5,795.4333,47726,6,37,370.0,"MEASURED - Lap K I-1 exact printed integer HP, 60fps, adjacent-frame delta"
26,6,795.5167,47731,5,36,360.0,"MEASURED - Lap K I-1 exact printed integer HP, 60fps, adjacent-frame delta"
26,7,795.6167,47737,6,36,360.0,"MEASURED - Lap K I-1 exact printed integer HP, 60fps, adjacent-frame delta"
26,8,795.7333,47744,7,39,390.0,"MEASURED - Lap K I-1 exact printed integer HP, 60fps, adjacent-frame delta"
26,9,795.8167,47749,5,39,390.0,"MEASURED - Lap K I-1 exact printed integer HP, 60fps, adjacent-frame delta"
27,0,795.9333,47756,,36,360.0,"MEASURED - Lap K I-1 exact printed integer HP, 60fps, adjacent-frame delta"
27,1,796.0167,47761,5,36,360.0,"MEASURED - Lap K I-1 exact printed integer HP, 60fps, adjacent-frame delta"
27,2,796.1333,47768,7,36,360.0,"MEASURED - Lap K I-1 exact printed integer HP, 60fps, adjacent-frame delta"
27,3,796.2333,47774,6,36,360.0,"MEASURED - Lap K I-1 exact printed integer HP, 60fps, adjacent-frame delta"
27,4,796.3333,47780,6,36,360.0,"MEASURED - Lap K I-1 exact printed integer HP, 60fps, adjacent-frame delta"
27,5,796.4333,47786,6,37,370.0,"MEASURED - Lap K I-1 exact printed integer HP, 60fps, adjacent-frame delta"
27,6,796.5333,47792,6,36,360.0,"MEASURED - Lap K I-1 exact printed integer HP, 60fps, adjacent-frame delta"
27,7,796.6333,47798,6,36,360.0,"MEASURED - Lap K I-1 exact printed integer HP, 60fps, adjacent-frame delta"
27,8,796.7500,47805,7,37,370.0,"MEASURED - Lap K I-1 exact printed integer HP, 60fps, adjacent-frame delta"
27,9,796.8500,47811,6,39,390.0,"MEASURED - Lap K I-1 exact printed integer HP, 60fps, adjacent-frame delta"
27,10,796.9667,47818,7,39,390.0,"MEASURED - Lap K I-1 exact printed integer HP, 60fps, adjacent-frame delta"
28,0,797.9500,47877,,67,670.0,"MEASURED - Lap K I-1 exact printed integer HP, 60fps, adjacent-frame delta"
28,1,798.0667,47884,7,69,690.0,"MEASURED - Lap K I-1 exact printed integer HP, 60fps, adjacent-frame delta"
28,2,798.1667,47890,6,66,660.0,"MEASURED - Lap K I-1 exact printed integer HP, 60fps, adjacent-frame delta"
28,3,798.2667,47896,6,67,670.0,"MEASURED - Lap K I-1 exact printed integer HP, 60fps, adjacent-frame delta"
28,4,798.3667,47902,6,67,670.0,"MEASURED - Lap K I-1 exact printed integer HP, 60fps, adjacent-frame delta"
28,5,798.4667,47908,6,69,690.0,"MEASURED - Lap K I-1 exact printed integer HP, 60fps, adjacent-frame delta"
28,6,798.5667,47914,6,69,690.0,"MEASURED - Lap K I-1 exact printed integer HP, 60fps, adjacent-frame delta"
28,7,798.6833,47921,7,69,690.0,"MEASURED - Lap K I-1 exact printed integer HP, 60fps, adjacent-frame delta"
28,8,798.7833,47927,6,69,690.0,"MEASURED - Lap K I-1 exact printed integer HP, 60fps, adjacent-frame delta"
28,9,798.8833,47933,6,69,690.0,"MEASURED - Lap K I-1 exact printed integer HP, 60fps, adjacent-frame delta"
29,0,816.9833,49019,,362,3620.0,"MEASURED - Lap K I-1 exact printed integer HP, 60fps, adjacent-frame delta"
29,1,817.0667,49024,5,90,900.0,"MEASURED - Lap K I-1 exact printed integer HP, 60fps, adjacent-frame delta"
29,2,817.1667,49030,6,90,900.0,"MEASURED - Lap K I-1 exact printed integer HP, 60fps, adjacent-frame delta"
29,3,817.2833,49037,7,90,900.0,"MEASURED - Lap K I-1 exact printed integer HP, 60fps, adjacent-frame delta"
29,4,817.3833,49043,6,20,200.0,"MEASURED - Lap K I-1 exact printed integer HP, 60fps, adjacent-frame delta"
29,5,817.4833,49049,6,90,900.0,"MEASURED - Lap K I-1 exact printed integer HP, 60fps, adjacent-frame delta"
29,6,817.6000,49056,7,90,900.0,"MEASURED - Lap K I-1 exact printed integer HP, 60fps, adjacent-frame delta"
30,0,817.6833,49061,,87,870.0,"MEASURED - Lap K I-1 exact printed integer HP, 60fps, adjacent-frame delta"
30,1,817.7833,49067,6,87,870.0,"MEASURED - Lap K I-1 exact printed integer HP, 60fps, adjacent-frame delta"
30,2,817.8833,49073,6,87,870.0,"MEASURED - Lap K I-1 exact printed integer HP, 60fps, adjacent-frame delta"
30,3,817.9833,49079,6,391,3910.0,"MEASURED - Lap K I-1 exact printed integer HP, 60fps, adjacent-frame delta"
30,4,818.0833,49085,6,88,880.0,"MEASURED - Lap K I-1 exact printed integer HP, 60fps, adjacent-frame delta"
30,5,818.2000,49092,7,88,880.0,"MEASURED - Lap K I-1 exact printed integer HP, 60fps, adjacent-frame delta"
30,6,818.3000,49098,6,88,880.0,"MEASURED - Lap K I-1 exact printed integer HP, 60fps, adjacent-frame delta"
31,0,819.9833,49199,,26,260.0,"MEASURED - Lap K I-1 exact printed integer HP, 60fps, adjacent-frame delta"
31,1,820.0833,49205,6,29,290.0,"MEASURED - Lap K I-1 exact printed integer HP, 60fps, adjacent-frame delta"
31,2,820.1833,49211,6,29,290.0,"MEASURED - Lap K I-1 exact printed integer HP, 60fps, adjacent-frame delta"
31,3,820.2667,49216,5,26,260.0,"MEASURED - Lap K I-1 exact printed integer HP, 60fps, adjacent-frame delta"
31,4,820.3667,49222,6,27,270.0,"MEASURED - Lap K I-1 exact printed integer HP, 60fps, adjacent-frame delta"
31,5,820.4500,49227,5,44,440.0,"MEASURED - Lap K I-1 exact printed integer HP, 60fps, adjacent-frame delta"
32,0,820.9833,49259,,26,260.0,"MEASURED - Lap K I-1 exact printed integer HP, 60fps, adjacent-frame delta"
32,1,821.0667,49264,5,67,670.0,"MEASURED - Lap K I-1 exact printed integer HP, 60fps, adjacent-frame delta"
32,2,821.1667,49270,6,64,640.0,"MEASURED - Lap K I-1 exact printed integer HP, 60fps, adjacent-frame delta"
32,3,821.2833,49277,7,67,670.0,"MEASURED - Lap K I-1 exact printed integer HP, 60fps, adjacent-frame delta"
32,4,821.4000,49284,7,67,670.0,"MEASURED - Lap K I-1 exact printed integer HP, 60fps, adjacent-frame delta"
33,0,821.6000,49296,,67,670.0,"MEASURED - Lap K I-1 exact printed integer HP, 60fps, adjacent-frame delta"
33,1,821.6833,49301,5,3183,31830.0,"MEASURED - Lap K I-1 exact printed integer HP, 60fps, adjacent-frame delta"
33,2,821.8000,49308,7,50,500.0,"MEASURED - Lap K I-1 exact printed integer HP, 60fps, adjacent-frame delta"
33,3,821.8833,49313,5,49,490.0,"MEASURED - Lap K I-1 exact printed integer HP, 60fps, adjacent-frame delta"
33,4,821.9833,49319,6,50,500.0,"MEASURED - Lap K I-1 exact printed integer HP, 60fps, adjacent-frame delta"
34,0,825.5833,49535,,2294,22940.0,"MEASURED - Lap K I-1 exact printed integer HP, 60fps, adjacent-frame delta"
34,1,825.6833,49541,6,25,250.0,"MEASURED - Lap K I-1 exact printed integer HP, 60fps, adjacent-frame delta"
34,2,825.7833,49547,6,21,210.0,"MEASURED - Lap K I-1 exact printed integer HP, 60fps, adjacent-frame delta"
34,3,825.8833,49553,6,22,220.0,"MEASURED - Lap K I-1 exact printed integer HP, 60fps, adjacent-frame delta"
34,4,826.0000,49560,7,22,220.0,"MEASURED - Lap K I-1 exact printed integer HP, 60fps, adjacent-frame delta"
34,5,826.1000,49566,6,21,210.0,"MEASURED - Lap K I-1 exact printed integer HP, 60fps, adjacent-frame delta"
34,6,826.2000,49572,6,22,220.0,"MEASURED - Lap K I-1 exact printed integer HP, 60fps, adjacent-frame delta"
34,7,826.2833,49577,5,22,220.0,"MEASURED - Lap K I-1 exact printed integer HP, 60fps, adjacent-frame delta"
34,8,826.3833,49583,6,22,220.0,"MEASURED - Lap K I-1 exact printed integer HP, 60fps, adjacent-frame delta"
34,9,826.4833,49589,6,22,220.0,"MEASURED - Lap K I-1 exact printed integer HP, 60fps, adjacent-frame delta"
34,10,826.5833,49595,6,22,220.0,"MEASURED - Lap K I-1 exact printed integer HP, 60fps, adjacent-frame delta"
35,0,828.1833,49691,,10,100.0,"MEASURED - Lap K I-1 exact printed integer HP, 60fps, adjacent-frame delta"
35,1,828.3000,49698,7,46,460.0,"MEASURED - Lap K I-1 exact printed integer HP, 60fps, adjacent-frame delta"
35,2,828.4000,49704,6,48,480.0,"MEASURED - Lap K I-1 exact printed integer HP, 60fps, adjacent-frame delta"
35,3,828.5167,49711,7,48,480.0,"MEASURED - Lap K I-1 exact printed integer HP, 60fps, adjacent-frame delta"
36,0,828.8167,49729,,26,260.0,"MEASURED - Lap K I-1 exact printed integer HP, 60fps, adjacent-frame delta"
36,1,828.9333,49736,7,29,290.0,"MEASURED - Lap K I-1 exact printed integer HP, 60fps, adjacent-frame delta"
36,2,829.0333,49742,6,59,590.0,"MEASURED - Lap K I-1 exact printed integer HP, 60fps, adjacent-frame delta"
36,3,829.1500,49749,7,59,590.0,"MEASURED - Lap K I-1 exact printed integer HP, 60fps, adjacent-frame delta"
36,4,829.2500,49755,6,59,590.0,"MEASURED - Lap K I-1 exact printed integer HP, 60fps, adjacent-frame delta"
36,5,829.3333,49760,5,59,590.0,"MEASURED - Lap K I-1 exact printed integer HP, 60fps, adjacent-frame delta"
36,6,829.4333,49766,6,23,230.0,"MEASURED - Lap K I-1 exact printed integer HP, 60fps, adjacent-frame delta"
37,0,829.9667,49798,,9,90.0,"MEASURED - Lap K I-1 exact printed integer HP, 60fps, adjacent-frame delta"
37,1,830.0667,49804,6,20,200.0,"MEASURED - Lap K I-1 exact printed integer HP, 60fps, adjacent-frame delta"
37,2,830.1500,49809,5,20,200.0,"MEASURED - Lap K I-1 exact printed integer HP, 60fps, adjacent-frame delta"
37,3,830.2500,49815,6,20,200.0,"MEASURED - Lap K I-1 exact printed integer HP, 60fps, adjacent-frame delta"
37,4,830.3667,49822,7,62,620.0,"MEASURED - Lap K I-1 exact printed integer HP, 60fps, adjacent-frame delta"
37,5,830.4667,49828,6,78,780.0,"MEASURED - Lap K I-1 exact printed integer HP, 60fps, adjacent-frame delta"
37,6,830.5500,49833,5,1239,12390.0,"MEASURED - Lap K I-1 exact printed integer HP, 60fps, adjacent-frame delta"
37,7,830.6500,49839,6,381,3810.0,"MEASURED - Lap K I-1 exact printed integer HP, 60fps, adjacent-frame delta"
38,0,830.6667,49840,,84,840.0,"MEASURED - Lap K I-1 exact printed integer HP, 60fps, adjacent-frame delta"
38,1,830.7500,49845,5,83,830.0,"MEASURED - Lap K I-1 exact printed integer HP, 60fps, adjacent-frame delta"
38,2,830.8667,49852,7,84,840.0,"MEASURED - Lap K I-1 exact printed integer HP, 60fps, adjacent-frame delta"
38,3,830.9500,49857,5,22,220.0,"MEASURED - Lap K I-1 exact printed integer HP, 60fps, adjacent-frame delta"
39,0,831.1667,49870,,36,360.0,"MEASURED - Lap K I-1 exact printed integer HP, 60fps, adjacent-frame delta"
39,1,831.2500,49875,5,22,220.0,"MEASURED - Lap K I-1 exact printed integer HP, 60fps, adjacent-frame delta"
39,2,831.3500,49881,6,22,220.0,"MEASURED - Lap K I-1 exact printed integer HP, 60fps, adjacent-frame delta"
39,3,831.4667,49888,7,22,220.0,"MEASURED - Lap K I-1 exact printed integer HP, 60fps, adjacent-frame delta"
39,4,831.5667,49894,6,22,220.0,"MEASURED - Lap K I-1 exact printed integer HP, 60fps, adjacent-frame delta"
39,5,831.6833,49901,7,22,220.0,"MEASURED - Lap K I-1 exact printed integer HP, 60fps, adjacent-frame delta"
40,0,832.2000,49932,,8,80.0,"MEASURED - Lap K I-1 exact printed integer HP, 60fps, adjacent-frame delta"
40,1,832.3167,49939,7,2250,22500.0,"MEASURED - Lap K I-1 exact printed integer HP, 60fps, adjacent-frame delta"
40,2,832.4000,49944,5,93,930.0,"MEASURED - Lap K I-1 exact printed integer HP, 60fps, adjacent-frame delta"
40,3,832.5000,49950,6,55,550.0,"MEASURED - Lap K I-1 exact printed integer HP, 60fps, adjacent-frame delta"
41,0,842.2500,50535,,397,3970.0,"MEASURED - Lap K I-1 exact printed integer HP, 60fps, adjacent-frame delta"
41,1,842.3500,50541,6,16,160.0,"MEASURED - Lap K I-1 exact printed integer HP, 60fps, adjacent-frame delta"
41,2,842.4500,50547,6,16,160.0,"MEASURED - Lap K I-1 exact printed integer HP, 60fps, adjacent-frame delta"
41,3,842.5500,50553,6,16,160.0,"MEASURED - Lap K I-1 exact printed integer HP, 60fps, adjacent-frame delta"
41,4,842.6667,50560,7,45,450.0,"MEASURED - Lap K I-1 exact printed integer HP, 60fps, adjacent-frame delta"
41,5,842.7667,50566,6,45,450.0,"MEASURED - Lap K I-1 exact printed integer HP, 60fps, adjacent-frame delta"
41,6,842.8667,50572,6,45,450.0,"MEASURED - Lap K I-1 exact printed integer HP, 60fps, adjacent-frame delta"
41,7,842.9667,50578,6,45,450.0,"MEASURED - Lap K I-1 exact printed integer HP, 60fps, adjacent-frame delta"
41,8,843.0667,50584,6,45,450.0,"MEASURED - Lap K I-1 exact printed integer HP, 60fps, adjacent-frame delta"
41,9,843.1667,50590,6,45,450.0,"MEASURED - Lap K I-1 exact printed integer HP, 60fps, adjacent-frame delta"
41,10,843.2667,50596,6,45,450.0,"MEASURED - Lap K I-1 exact printed integer HP, 60fps, adjacent-frame delta"
41,11,843.3667,50602,6,45,450.0,"MEASURED - Lap K I-1 exact printed integer HP, 60fps, adjacent-frame delta"
42,0,852.6167,51157,,42,420.0,"MEASURED - Lap K I-1 exact printed integer HP, 60fps, adjacent-frame delta"
42,1,852.7167,51163,6,42,420.0,"MEASURED - Lap K I-1 exact printed integer HP, 60fps, adjacent-frame delta"
42,2,852.8167,51169,6,42,420.0,"MEASURED - Lap K I-1 exact printed integer HP, 60fps, adjacent-frame delta"
42,3,852.9167,51175,6,775,7750.0,"MEASURED - Lap K I-1 exact printed integer HP, 60fps, adjacent-frame delta"
43,0,853.9333,51236,,69,690.0,"MEASURED - Lap K I-1 exact printed integer HP, 60fps, adjacent-frame delta"
43,1,854.0333,51242,6,63,630.0,"MEASURED - Lap K I-1 exact printed integer HP, 60fps, adjacent-frame delta"
43,2,854.1333,51248,6,63,630.0,"MEASURED - Lap K I-1 exact printed integer HP, 60fps, adjacent-frame delta"
43,3,854.2333,51254,6,63,630.0,"MEASURED - Lap K I-1 exact printed integer HP, 60fps, adjacent-frame delta"
43,4,854.3333,51260,6,69,690.0,"MEASURED - Lap K I-1 exact printed integer HP, 60fps, adjacent-frame delta"
43,5,854.4333,51266,6,69,690.0,"MEASURED - Lap K I-1 exact printed integer HP, 60fps, adjacent-frame delta"
43,6,854.5333,51272,6,69,690.0,"MEASURED - Lap K I-1 exact printed integer HP, 60fps, adjacent-frame delta"
44,0,859.2167,51553,,10,100.0,"MEASURED - Lap K I-1 exact printed integer HP, 60fps, adjacent-frame delta"
44,1,859.3333,51560,7,3035,30350.0,"MEASURED - Lap K I-1 exact printed integer HP, 60fps, adjacent-frame delta"
44,2,859.4333,51566,6,10,100.0,"MEASURED - Lap K I-1 exact printed integer HP, 60fps, adjacent-frame delta"
44,3,859.5333,51572,6,10,100.0,"MEASURED - Lap K I-1 exact printed integer HP, 60fps, adjacent-frame delta"
44,4,859.6500,51579,7,10,100.0,"MEASURED - Lap K I-1 exact printed integer HP, 60fps, adjacent-frame delta"
44,5,859.7500,51585,6,40,400.0,"MEASURED - Lap K I-1 exact printed integer HP, 60fps, adjacent-frame delta"
44,6,859.8500,51591,6,40,400.0,"MEASURED - Lap K I-1 exact printed integer HP, 60fps, adjacent-frame delta"
44,7,859.9500,51597,6,40,400.0,"MEASURED - Lap K I-1 exact printed integer HP, 60fps, adjacent-frame delta"
