video_t_s,wallclock,event
446,21:44:51,first readable tribute reading after arena load: 145
477,21:45:22,PURCHASE 1 -- Deathchill Beacon  (tribute 145 -> 140)
484,21:45:29,PURCHASE 2 -- Stormcaller Beacon (tribute 140 -> 135)
502,21:45:47,PURCHASE 3 -- Inferno Beacon     (tribute 135 -> 130)
510,21:45:55,PURCHASE 4 -- Vanguard Banner    (tribute 130 -> 125)
680,21:48:45,"Lokarr dialog open, 'Start on Wave 150' highlighted under cursor"
682,21:48:47,FIGHT START -- wave counter 0 -> 151
868,21:51:53,DEATH -- fade to black
880,21:52:05,"objective reads 'You have failed, your Compensation awaits in the Treasure Chamber'"
